,ticker,corp_name,market
0,095570,AJ네트웍스,KOSPI
1,006840,AK홀딩스,KOSPI
2,027410,BGF,KOSPI
3,282330,BGF리테일,KOSPI
4,138930,BNK금융지주,KOSPI
5,001460,BYC,KOSPI
6,001465,BYC우,KOSPI
7,001040,CJ,KOSPI
8,079160,CJ CGV,KOSPI
9,00104K,CJ4우(전환),KOSPI
10,000120,CJ대한통운,KOSPI
11,011150,CJ씨푸드,KOSPI
12,011155,CJ씨푸드1우,KOSPI
13,001045,CJ우,KOSPI
14,097950,CJ제일제당,KOSPI
15,097955,CJ제일제당 우,KOSPI
16,000480,CR홀딩스,KOSPI
17,000590,CS홀딩스,KOSPI
18,012030,DB,KOSPI
19,005830,DB손해보험,KOSPI
20,016610,DB증권,KOSPI
21,000990,DB하이텍,KOSPI
22,000300,DH오토넥스,KOSPI
23,001530,DI동일,KOSPI
24,000210,DL,KOSPI
25,000215,DL우,KOSPI
26,375500,DL이앤씨,KOSPI
27,37550L,DL이앤씨2우(전환),KOSPI
28,37550K,DL이앤씨우,KOSPI
29,007340,DN오토모티브,KOSPI
30,004840,DRB동일,KOSPI
31,155660,DSR,KOSPI
32,069730,DSR제강,KOSPI
33,017860,DS단석,KOSPI
34,017940,E1,KOSPI
35,365550,ESR켄달스퀘어리츠,KOSPI
36,383220,F&F,KOSPI
37,007700,F&F홀딩스,KOSPI
38,114090,GKL,KOSPI
39,078930,GS,KOSPI
40,006360,GS건설,KOSPI
41,001250,GS글로벌,KOSPI
42,007070,GS리테일,KOSPI
43,078935,GS우,KOSPI
44,499790,GS피앤엘,KOSPI
45,012630,HDC,KOSPI
46,039570,HDC랩스,KOSPI
47,089470,HDC현대EP,KOSPI
48,294870,HDC현대산업개발,KOSPI
49,009540,HD한국조선해양,KOSPI
50,267250,HD현대,KOSPI
51,267270,HD현대건설기계,KOSPI
52,443060,HD현대마린솔루션,KOSPI
53,071970,HD현대마린엔진,KOSPI
54,010620,HD현대미포,KOSPI
55,322000,HD현대에너지솔루션,KOSPI
56,042670,HD현대인프라코어,KOSPI
57,267260,HD현대일렉트릭,KOSPI
58,329180,HD현대중공업,KOSPI
59,097230,HJ중공업,KOSPI
60,014790,HL D&I,KOSPI
61,003580,HLB글로벌,KOSPI
62,204320,HL만도,KOSPI
63,060980,HL홀딩스,KOSPI
64,011200,HMM,KOSPI
65,035000,HS애드,KOSPI
66,002460,HS화성,KOSPI
67,487570,HS효성,KOSPI
68,298050,HS효성첨단소재,KOSPI
69,003560,IHQ,KOSPI
70,015360,INVENI,KOSPI
71,175330,JB금융지주,KOSPI
72,234080,JW생명과학,KOSPI
73,001060,JW중외제약,KOSPI
74,001067,JW중외제약2우B,KOSPI
75,001065,JW중외제약우,KOSPI
76,096760,JW홀딩스,KOSPI
77,105560,KB금융,KOSPI
78,415640,KB발해인프라,KOSPI
79,432320,KB스타리츠,KOSPI
80,002380,KCC,KOSPI
81,344820,KCC글라스,KOSPI
82,009070,KCTC,KOSPI
83,009440,KC그린홀딩스,KOSPI
84,119650,KC코트렐,KOSPI
85,092220,KEC,KOSPI
86,003620,KG모빌리티,KOSPI
87,016380,KG스틸,KOSPI
88,001390,KG케미칼,KOSPI
89,033180,KH 필룩스,KOSPI
90,015590,KIB플러그에너지,KOSPI
91,001940,KISCO홀딩스,KOSPI
92,025000,KPX케미칼,KOSPI
93,092230,KPX홀딩스,KOSPI
94,000040,KR모터스,KOSPI
95,044450,KSS해운,KOSPI
96,030200,KT,KOSPI
97,033780,KT&G,KOSPI
98,058850,KTcs,KOSPI
99,058860,KTis,KOSPI
100,093050,LF,KOSPI
101,003550,LG,KOSPI
102,034220,LG디스플레이,KOSPI
103,051900,LG생활건강,KOSPI
104,051905,LG생활건강우,KOSPI
105,064400,LG씨엔에스,KOSPI
106,373220,LG에너지솔루션,KOSPI
107,003555,LG우,KOSPI
108,032640,LG유플러스,KOSPI
109,011070,LG이노텍,KOSPI
110,066570,LG전자,KOSPI
111,066575,LG전자우,KOSPI
112,037560,LG헬로비전,KOSPI
113,051910,LG화학,KOSPI
114,051915,LG화학우,KOSPI
115,079550,LIG넥스원,KOSPI
116,006260,LS,KOSPI
117,010120,LS ELECTRIC,KOSPI
118,000680,LS네트웍스,KOSPI
119,229640,LS에코에너지,KOSPI
120,108320,LX세미콘,KOSPI
121,001120,LX인터내셔널,KOSPI
122,108670,LX하우시스,KOSPI
123,108675,LX하우시스우,KOSPI
124,383800,LX홀딩스,KOSPI
125,38380K,LX홀딩스1우,KOSPI
126,023150,MH에탄올,KOSPI
127,035420,NAVER,KOSPI
128,181710,NHN,KOSPI
129,400760,NH올원리츠,KOSPI
130,005940,NH투자증권,KOSPI
131,005945,NH투자증권우,KOSPI
132,338100,NH프라임리츠,KOSPI
133,034310,NICE,KOSPI
134,030190,NICE평가정보,KOSPI
135,008260,NI스틸,KOSPI
136,004250,NPC,KOSPI
137,004255,NPC우,KOSPI
138,456040,OCI,KOSPI
139,010060,OCI홀딩스,KOSPI
140,178920,PI첨단소재,KOSPI
141,005490,POSCO홀딩스,KOSPI
142,010950,S-Oil,KOSPI
143,010955,S-Oil우,KOSPI
144,034120,SBS,KOSPI
145,005090,SGC에너지,KOSPI
146,001380,SG글로벌,KOSPI
147,004060,SG세계물산,KOSPI
148,001770,SHD,KOSPI
149,002360,SH에너지화학,KOSPI
150,009160,SIMPAC,KOSPI
151,033530,SJG세종,KOSPI
152,123700,SJM,KOSPI
153,025530,SJM홀딩스,KOSPI
154,034730,SK,KOSPI
155,011790,SKC,KOSPI
156,018670,SK가스,KOSPI
157,001740,SK네트웍스,KOSPI
158,006120,SK디스커버리,KOSPI
159,006125,SK디스커버리우,KOSPI
160,210980,SK디앤디,KOSPI
161,395400,SK리츠,KOSPI
162,302440,SK바이오사이언스,KOSPI
163,326030,SK바이오팜,KOSPI
164,402340,SK스퀘어,KOSPI
165,361610,SK아이이테크놀로지,KOSPI
166,100090,SK오션플랜트,KOSPI
167,03473K,SK우,KOSPI
168,096770,SK이노베이션,KOSPI
169,096775,SK이노베이션우,KOSPI
170,475150,SK이터닉스,KOSPI
171,001510,SK증권,KOSPI
172,001515,SK증권우,KOSPI
173,285130,SK케미칼,KOSPI
174,28513K,SK케미칼우,KOSPI
175,017670,SK텔레콤,KOSPI
176,000660,SK하이닉스,KOSPI
177,003570,SNT다이내믹스,KOSPI
178,064960,SNT모티브,KOSPI
179,100840,SNT에너지,KOSPI
180,036530,SNT홀딩스,KOSPI
181,005610,SPC삼립,KOSPI
182,011810,STX,KOSPI
183,465770,STX그린로지스,KOSPI
184,077970,STX엔진,KOSPI
185,002820,SUN&L,KOSPI
186,084870,TBH글로벌,KOSPI
187,002710,TCC스틸,KOSPI
188,069260,TKG휴켐스,KOSPI
189,007980,TP,KOSPI
190,002900,TYM,KOSPI
191,024070,WISCOM,KOSPI
192,037270,YG PLUS,KOSPI
193,139130,iM금융지주,KOSPI
194,000500,가온전선,KOSPI
195,000860,강남제비스코,KOSPI
196,035250,강원랜드,KOSPI
197,011420,갤럭시아에스엠,KOSPI
198,002100,경농,KOSPI
199,009450,경동나비엔,KOSPI
200,267290,경동도시가스,KOSPI
201,012320,경동인베스트,KOSPI
202,000050,경방,KOSPI
203,214390,경보제약,KOSPI
204,012610,경인양행,KOSPI
205,009140,경인전자,KOSPI
206,013580,계룡건설,KOSPI
207,012200,계양전기,KOSPI
208,012205,계양전기우,KOSPI
209,002140,고려산업,KOSPI
210,010130,고려아연,KOSPI
211,002240,고려제강,KOSPI
212,009290,광동제약,KOSPI
213,017040,광명전기,KOSPI
214,017900,광전자,KOSPI
215,037710,광주신세계,KOSPI
216,030610,교보증권,KOSPI
217,339770,교촌에프앤비,KOSPI
218,007690,국도화학,KOSPI
219,001140,국보,KOSPI
220,002720,국제약품,KOSPI
221,083420,그린케미칼,KOSPI
222,014530,극동유화,KOSPI
223,014280,금강공업,KOSPI
224,014285,금강공업우,KOSPI
225,008870,금비,KOSPI
226,001570,금양,KOSPI
227,002990,금호건설,KOSPI
228,002995,금호건설우,KOSPI
229,011780,금호석유화학,KOSPI
230,011785,금호석유화학우,KOSPI
231,214330,금호에이치티,KOSPI
232,001210,금호전기,KOSPI
233,073240,금호타이어,KOSPI
234,092440,기신정기,KOSPI
235,000270,기아,KOSPI
236,024110,기업은행,KOSPI
237,013700,까뮤이앤씨,KOSPI
238,004540,깨끗한나라,KOSPI
239,004545,깨끗한나라우,KOSPI
240,001260,남광토건,KOSPI
241,008350,남선알미늄,KOSPI
242,008355,남선알미우,KOSPI
243,004270,남성,KOSPI
244,003920,남양유업,KOSPI
245,003925,남양유업우,KOSPI
246,025860,남해화학,KOSPI
247,005720,넥센,KOSPI
248,005725,넥센우,KOSPI
249,002350,넥센타이어,KOSPI
250,002355,넥센타이어1우B,KOSPI
251,092790,넥스틸,KOSPI
252,251270,넷마블,KOSPI
253,090350,노루페인트,KOSPI
254,090355,노루페인트우,KOSPI
255,000320,노루홀딩스,KOSPI
256,000325,노루홀딩스우,KOSPI
257,006280,녹십자,KOSPI
258,005250,녹십자홀딩스,KOSPI
259,005257,녹십자홀딩스2우,KOSPI
260,004370,농심,KOSPI
261,072710,농심홀딩스,KOSPI
262,058730,다스코,KOSPI
263,030210,다올투자증권,KOSPI
264,023590,다우기술,KOSPI
265,145210,다이나믹디자인,KOSPI
266,019680,대교,KOSPI
267,019685,대교우B,KOSPI
268,006370,대구백화점,KOSPI
269,008060,대덕,KOSPI
270,00806K,대덕1우,KOSPI
271,353200,대덕전자,KOSPI
272,35320K,대덕전자1우,KOSPI
273,000490,대동,KOSPI
274,008110,대동전자,KOSPI
275,005750,대림바스,KOSPI
276,006570,대림통상,KOSPI
277,001680,대상,KOSPI
278,001685,대상우,KOSPI
279,084690,대상홀딩스,KOSPI
280,084695,대상홀딩스우,KOSPI
281,128820,대성산업,KOSPI
282,117580,대성에너지,KOSPI
283,016710,대성홀딩스,KOSPI
284,003540,대신증권,KOSPI
285,003547,대신증권2우B,KOSPI
286,003545,대신증권우,KOSPI
287,009190,대양금속,KOSPI
288,014160,대영포장,KOSPI
289,047040,대우건설,KOSPI
290,003090,대웅,KOSPI
291,069620,대웅제약,KOSPI
292,000430,대원강업,KOSPI
293,006340,대원전선,KOSPI
294,006345,대원전선우,KOSPI
295,003220,대원제약,KOSPI
296,024890,대원화성,KOSPI
297,002880,대유에이텍,KOSPI
298,012800,대창,KOSPI
299,015230,대창단조,KOSPI
300,001070,대한방직,KOSPI
301,006650,대한유화,KOSPI
302,001440,대한전선,KOSPI
303,084010,대한제강,KOSPI
304,001790,대한제당,KOSPI
305,001795,대한제당우,KOSPI
306,001130,대한제분,KOSPI
307,003490,대한항공,KOSPI
308,003495,대한항공우,KOSPI
309,005880,대한해운,KOSPI
310,003830,대한화섬,KOSPI
311,016090,대현,KOSPI
312,069460,대호에이엘,KOSPI
313,475560,더본코리아,KOSPI
314,192080,더블유게임즈,KOSPI
315,012510,더존비즈온,KOSPI
316,004830,덕성,KOSPI
317,004835,덕성우,KOSPI
318,145720,덴티움,KOSPI
319,002150,도화엔지니어링,KOSPI
320,460850,동국씨엠,KOSPI
321,460860,동국제강,KOSPI
322,001230,동국홀딩스,KOSPI
323,023450,동남합성,KOSPI
324,004140,동방,KOSPI
325,007590,동방아그로,KOSPI
326,005960,동부건설,KOSPI
327,005965,동부건설우,KOSPI
328,026960,동서,KOSPI
329,002210,동성제약,KOSPI
330,102260,동성케미컬,KOSPI
331,000640,동아쏘시오홀딩스,KOSPI
332,170900,동아에스티,KOSPI
333,028100,동아지질,KOSPI
334,001520,동양,KOSPI
335,001527,동양2우B,KOSPI
336,084670,동양고속,KOSPI
337,082640,동양생명,KOSPI
338,001525,동양우,KOSPI
339,008970,동양철관,KOSPI
340,092780,동양피스톤,KOSPI
341,049770,동원F&B,KOSPI
342,018500,동원금속,KOSPI
343,006040,동원산업,KOSPI
344,030720,동원수산,KOSPI
345,014820,동원시스템즈,KOSPI
346,014825,동원시스템즈우,KOSPI
347,111380,동인기연,KOSPI
348,163560,동일고무벨트,KOSPI
349,004890,동일산업,KOSPI
350,002690,동일제강,KOSPI
351,000020,동화약품,KOSPI
352,000150,두산,KOSPI
353,000157,두산2우B,KOSPI
354,454910,두산로보틱스,KOSPI
355,241560,두산밥캣,KOSPI
356,034020,두산에너빌리티,KOSPI
357,000155,두산우,KOSPI
358,336260,두산퓨얼셀,KOSPI
359,33626K,두산퓨얼셀1우,KOSPI
360,33626L,두산퓨얼셀2우B,KOSPI
361,016740,두올,KOSPI
362,192650,드림텍,KOSPI
363,024090,디씨엠,KOSPI
364,003160,디아이,KOSPI
365,092200,디아이씨,KOSPI
366,377190,디앤디플랫폼리츠,KOSPI
367,013570,디와이,KOSPI
368,024900,디와이덕양,KOSPI
369,210540,디와이파워,KOSPI
370,032350,롯데관광개발,KOSPI
371,089860,롯데렌탈,KOSPI
372,330590,롯데리츠,KOSPI
373,000400,롯데손해보험,KOSPI
374,023530,롯데쇼핑,KOSPI
375,020150,롯데에너지머티리얼즈,KOSPI
376,280360,롯데웰푸드,KOSPI
377,286940,롯데이노베이트,KOSPI
378,004000,롯데정밀화학,KOSPI
379,004990,롯데지주,KOSPI
380,00499K,롯데지주우,KOSPI
381,005300,롯데칠성,KOSPI
382,005305,롯데칠성우,KOSPI
383,011170,롯데케미칼,KOSPI
384,071840,롯데하이마트,KOSPI
385,027740,마니커,KOSPI
386,357430,마스턴프리미어리츠,KOSPI
387,001080,만호제강,KOSPI
388,088980,맥쿼리인프라,KOSPI
389,094800,맵스리얼티1,KOSPI
390,138040,메리츠금융지주,KOSPI
391,090370,메타랩스,KOSPI
392,118000,메타케어,KOSPI
393,017180,명문제약,KOSPI
394,009900,명신산업,KOSPI
395,012690,모나리자,KOSPI
396,005360,모나미,KOSPI
397,070960,모나용평,KOSPI
398,009680,모토닉,KOSPI
399,009580,무림P&P,KOSPI
400,009200,무림페이퍼,KOSPI
401,033920,무학,KOSPI
402,008420,문배철강,KOSPI
403,025560,미래산업,KOSPI
404,007120,미래아이앤지,KOSPI
405,396690,미래에셋글로벌리츠,KOSPI
406,357250,미래에셋맵스리츠,KOSPI
407,085620,미래에셋생명,KOSPI
408,006800,미래에셋증권,KOSPI
409,00680K,미래에셋증권2우B,KOSPI
410,006805,미래에셋증권우,KOSPI
411,081660,미스토홀딩스,KOSPI
412,002840,미원상사,KOSPI
413,268280,미원에스씨,KOSPI
414,107590,미원홀딩스,KOSPI
415,134380,미원화학,KOSPI
416,003650,미창석유,KOSPI
417,377740,바이오노트,KOSPI
418,003610,방림,KOSPI
419,001340,백광산업,KOSPI
420,035150,백산,KOSPI
421,002410,범양건영,KOSPI
422,007210,벽산,KOSPI
423,002760,보락,KOSPI
424,003850,보령,KOSPI
425,000890,보해양조,KOSPI
426,003000,부광약품,KOSPI
427,001270,부국증권,KOSPI
428,001275,부국증권우,KOSPI
429,026940,부국철강,KOSPI
430,011390,부산산업,KOSPI
431,005030,부산주공,KOSPI
432,002070,비비안,KOSPI
433,100220,비상교육,KOSPI
434,090460,비에이치,KOSPI
435,005180,빙그레,KOSPI
436,003960,사조대림,KOSPI
437,008040,사조동아원,KOSPI
438,007160,사조산업,KOSPI
439,014710,사조씨푸드,KOSPI
440,006090,사조오양,KOSPI
441,062040,산일전기,KOSPI
442,001470,삼부토건,KOSPI
443,028050,삼성E&A,KOSPI
444,448730,삼성FN리츠,KOSPI
445,006400,삼성SDI,KOSPI
446,006405,삼성SDI우,KOSPI
447,006660,삼성공조,KOSPI
448,028260,삼성물산,KOSPI
449,02826K,삼성물산우B,KOSPI
450,207940,삼성바이오로직스,KOSPI
451,032830,삼성생명,KOSPI
452,018260,삼성에스디에스,KOSPI
453,009150,삼성전기,KOSPI
454,009155,삼성전기우,KOSPI
455,005930,삼성전자,KOSPI
456,005935,삼성전자우,KOSPI
457,001360,삼성제약,KOSPI
458,010140,삼성중공업,KOSPI
459,016360,삼성증권,KOSPI
460,068290,삼성출판사,KOSPI
461,029780,삼성카드,KOSPI
462,000810,삼성화재,KOSPI
463,000815,삼성화재우,KOSPI
464,006110,삼아알미늄,KOSPI
465,145990,삼양사,KOSPI
466,145995,삼양사우,KOSPI
467,003230,삼양식품,KOSPI
468,002170,삼양통상,KOSPI
469,272550,삼양패키징,KOSPI
470,000070,삼양홀딩스,KOSPI
471,000075,삼양홀딩스우,KOSPI
472,003720,삼영,KOSPI
473,002810,삼영무역,KOSPI
474,005680,삼영전자,KOSPI
475,023000,삼원강재,KOSPI
476,004380,삼익THK,KOSPI
477,002450,삼익악기,KOSPI
478,004440,삼일씨엔에스,KOSPI
479,000520,삼일제약,KOSPI
480,009770,삼정펄프,KOSPI
481,005500,삼진제약,KOSPI
482,004690,삼천리,KOSPI
483,010960,삼호개발,KOSPI
484,004450,삼화왕관,KOSPI
485,009470,삼화전기,KOSPI
486,011230,삼화전자,KOSPI
487,001820,삼화콘덴서,KOSPI
488,000390,삼화페인트,KOSPI
489,001290,상상인증권,KOSPI
490,041650,상신브레이크,KOSPI
491,075180,새론오토모티브,KOSPI
492,007540,샘표,KOSPI
493,248170,샘표식품,KOSPI
494,007860,서연,KOSPI
495,200880,서연이화,KOSPI
496,017390,서울가스,KOSPI
497,031210,서울보증보험,KOSPI
498,004410,서울식품,KOSPI
499,004415,서울식품우,KOSPI
500,021050,서원,KOSPI
501,008490,서흥,KOSPI
502,007610,선도전기,KOSPI
503,136490,선진,KOSPI
504,014910,성문전자,KOSPI
505,014915,성문전자우,KOSPI
506,003080,성보화학,KOSPI
507,004980,성신양회,KOSPI
508,004985,성신양회우,KOSPI
509,011300,성안머티리얼스,KOSPI
510,000180,성창기업지주,KOSPI
511,002420,세기상사,KOSPI
512,004360,세방,KOSPI
513,004365,세방우,KOSPI
514,004490,세방전지,KOSPI
515,001430,세아베스틸지주,KOSPI
516,306200,세아제강,KOSPI
517,003030,세아제강지주,KOSPI
518,019440,세아특수강,KOSPI
519,058650,세아홀딩스,KOSPI
520,013000,세우글로벌,KOSPI
521,091090,세원이앤씨,KOSPI
522,021820,세원정공,KOSPI
523,067830,세이브존I&C,KOSPI
524,075580,세진중공업,KOSPI
525,068270,셀트리온,KOSPI
526,336370,솔루스첨단소재,KOSPI
527,33637K,솔루스첨단소재1우,KOSPI
528,33637L,솔루스첨단소재2우B,KOSPI
529,248070,솔루엠,KOSPI
530,004430,송원산업,KOSPI
531,126720,수산인더스트리,KOSPI
532,017550,수산중공업,KOSPI
533,053210,스카이라이프,KOSPI
534,204210,스타에스엠리츠,KOSPI
535,026890,스틱인베스트먼트,KOSPI
536,134790,시디즈,KOSPI
537,462870,시프트업,KOSPI
538,016590,신대양제지,KOSPI
539,029530,신도리코,KOSPI
540,004970,신라교역,KOSPI
541,011930,신성이엔지,KOSPI
542,005390,신성통상,KOSPI
543,004170,신세계,KOSPI
544,035510,신세계 I&C,KOSPI
545,031430,신세계인터내셔날,KOSPI
546,031440,신세계푸드,KOSPI
547,006880,신송홀딩스,KOSPI
548,005800,신영와코루,KOSPI
549,001720,신영증권,KOSPI
550,009270,신원,KOSPI
551,002700,신일전자,KOSPI
552,002870,신풍,KOSPI
553,019170,신풍제약,KOSPI
554,019175,신풍제약우,KOSPI
555,481850,신한글로벌액티브리츠,KOSPI
556,404990,신한서부티엔디리츠,KOSPI
557,293940,신한알파리츠,KOSPI
558,055550,신한지주,KOSPI
559,004080,신흥,KOSPI
560,102280,쌍방울,KOSPI
561,004770,써니전자,KOSPI
562,403550,쏘카,KOSPI
563,004920,씨아이테크,KOSPI
564,112610,씨에스윈드,KOSPI
565,480370,씨케이솔루션,KOSPI
566,308170,씨티알모빌리티,KOSPI
567,008700,아남전자,KOSPI
568,002790,아모레G,KOSPI
569,00279K,아모레G3우(전환),KOSPI
570,002795,아모레G우,KOSPI
571,090430,아모레퍼시픽,KOSPI
572,090435,아모레퍼시픽우,KOSPI
573,002030,아세아,KOSPI
574,183190,아세아시멘트,KOSPI
575,002310,아세아제지,KOSPI
576,012170,아센디오,KOSPI
577,267850,아시아나IDT,KOSPI
578,020560,아시아나항공,KOSPI
579,122900,아이마켓코리아,KOSPI
580,010780,아이에스동서,KOSPI
581,139990,아주스틸,KOSPI
582,009320,아진전자부품,KOSPI
583,001780,알루코,KOSPI
584,018250,애경산업,KOSPI
585,161000,애경케미칼,KOSPI
586,011090,에넥스,KOSPI
587,137310,에스디바이오센서,KOSPI
588,005850,에스엘,KOSPI
589,010580,에스엠벡셀,KOSPI
590,012750,에스원,KOSPI
591,023960,에쓰씨엔지니어링,KOSPI
592,298690,에어부산,KOSPI
593,140910,에이리츠,KOSPI
594,078520,에이블씨엔씨,KOSPI
595,015260,에이엔피,KOSPI
596,007460,에이프로젠,KOSPI
597,003060,에이프로젠바이오로직스,KOSPI
598,244920,에이플러스에셋,KOSPI
599,278470,에이피알,KOSPI
600,450080,에코프로머티,KOSPI
601,019490,엑시큐어하이트론,KOSPI
602,036570,엔씨소프트,KOSPI
603,085310,엔케이,KOSPI
604,900140,엘브이엠씨홀딩스,KOSPI
605,066970,엘앤에프,KOSPI
606,097520,엠씨넥스,KOSPI
607,484870,엠앤씨솔루션,KOSPI
608,014440,영보화학,KOSPI
609,111770,영원무역,KOSPI
610,009970,영원무역홀딩스,KOSPI
611,003520,영진약품,KOSPI
612,000670,영풍,KOSPI
613,006740,영풍제지,KOSPI
614,012280,영화금속,KOSPI
615,012160,영흥,KOSPI
616,007310,오뚜기,KOSPI
617,002630,오리엔트바이오,KOSPI
618,271560,오리온,KOSPI
619,001800,오리온홀딩스,KOSPI
620,005320,온타이드,KOSPI
621,011690,와이투솔루션,KOSPI
622,316140,우리금융지주,KOSPI
623,006980,우성,KOSPI
624,017370,우신시스템,KOSPI
625,105840,우진,KOSPI
626,010400,우진아이엔에스,KOSPI
627,049800,우진플라임,KOSPI
628,016880,웅진,KOSPI
629,095720,웅진씽크빅,KOSPI
630,005820,원림,KOSPI
631,010600,웰바이오텍,KOSPI
632,008600,윌비스,KOSPI
633,033270,유나이티드제약,KOSPI
634,014830,유니드,KOSPI
635,446070,유니드비티플러스,KOSPI
636,000910,유니온,KOSPI
637,047400,유니온머티리얼,KOSPI
638,011330,유니켐,KOSPI
639,077500,유니퀘스트,KOSPI
640,002920,유성기업,KOSPI
641,000700,유수홀딩스,KOSPI
642,003470,유안타증권,KOSPI
643,003475,유안타증권우,KOSPI
644,072130,유엔젤,KOSPI
645,000220,유유제약,KOSPI
646,000225,유유제약1우,KOSPI
647,000227,유유제약2우B,KOSPI
648,001200,유진투자증권,KOSPI
649,000100,유한양행,KOSPI
650,000105,유한양행우,KOSPI
651,003460,유화증권,KOSPI
652,003465,유화증권우,KOSPI
653,008730,율촌화학,KOSPI
654,008250,이건산업,KOSPI
655,025820,이구산업,KOSPI
656,214320,이노션,KOSPI
657,088260,이리츠코크렙,KOSPI
658,139480,이마트,KOSPI
659,457190,이수스페셜티케미컬,KOSPI
660,007660,이수페타시스,KOSPI
661,005950,이수화학,KOSPI
662,015020,이스타코,KOSPI
663,093230,이아이디,KOSPI
664,074610,이엔플러스,KOSPI
665,102460,이연제약,KOSPI
666,084680,이월드,KOSPI
667,350520,이지스레지던스리츠,KOSPI
668,334890,이지스밸류리츠,KOSPI
669,000760,이화산업,KOSPI
670,014990,인디에프,KOSPI
671,101140,인바이오젠,KOSPI
672,006490,인스코비,KOSPI
673,023800,인지컨트롤스,KOSPI
674,034590,인천도시가스,KOSPI
675,129260,인터지스,KOSPI
676,023810,인팩,KOSPI
677,249420,일동제약,KOSPI
678,000230,일동홀딩스,KOSPI
679,013360,일성건설,KOSPI
680,003120,일성아이에스,KOSPI
681,003200,일신방직,KOSPI
682,007110,일신석재,KOSPI
683,007570,일양약품,KOSPI
684,007575,일양약품우,KOSPI
685,008500,일정실업,KOSPI
686,081000,일진다이아,KOSPI
687,020760,일진디스플,KOSPI
688,103590,일진전기,KOSPI
689,271940,일진하이솔루스,KOSPI
690,015860,일진홀딩스,KOSPI
691,226320,잇츠한불,KOSPI
692,317400,자이에스앤디,KOSPI
693,033240,자화전자,KOSPI
694,000950,전방,KOSPI
695,079900,전진건설로봇,KOSPI
696,348950,제이알글로벌리츠,KOSPI
697,194370,제이에스코퍼레이션,KOSPI
698,025620,제이준코스메틱,KOSPI
699,030000,제일기획,KOSPI
700,271980,제일약품,KOSPI
701,001560,제일연마,KOSPI
702,002620,제일파마홀딩스,KOSPI
703,006220,제주은행,KOSPI
704,089590,제주항공,KOSPI
705,004910,조광페인트,KOSPI
706,004700,조광피혁,KOSPI
707,001550,조비,KOSPI
708,462520,조선내화,KOSPI
709,120030,조선선재,KOSPI
710,018470,조일알미늄,KOSPI
711,002600,조흥,KOSPI
712,185750,종근당,KOSPI
713,063160,종근당바이오,KOSPI
714,001630,종근당홀딩스,KOSPI
715,109070,주성코퍼레이션,KOSPI
716,044380,주연테크,KOSPI
717,013890,지누스,KOSPI
718,013870,지엠비코리아,KOSPI
719,071320,지역난방공사,KOSPI
720,088790,진도,KOSPI
721,003780,진양산업,KOSPI
722,010640,진양폴리,KOSPI
723,100250,진양홀딩스,KOSPI
724,051630,진양화학,KOSPI
725,272450,진에어,KOSPI
726,011000,진원생명과학,KOSPI
727,002780,진흥기업,KOSPI
728,002787,진흥기업2우B,KOSPI
729,002785,진흥기업우B,KOSPI
730,009310,참엔지니어링,KOSPI
731,000650,천일고속,KOSPI
732,012600,청호ICT,KOSPI
733,033250,체시스,KOSPI
734,035720,카카오,KOSPI
735,323410,카카오뱅크,KOSPI
736,377300,카카오페이,KOSPI
737,006380,카프로,KOSPI
738,001620,케이비아이동국실업,KOSPI
739,029460,케이씨,KOSPI
740,281820,케이씨텍,KOSPI
741,381970,케이카,KOSPI
742,145270,케이탑리츠,KOSPI
743,417310,코람코더원리츠,KOSPI
744,357120,코람코라이프인프라리츠,KOSPI
745,007815,코리아써우,KOSPI
746,007810,코리아써키트,KOSPI
747,00781K,코리아써키트2우B,KOSPI
748,003690,코리안리,KOSPI
749,192820,코스맥스,KOSPI
750,044820,코스맥스비티아이,KOSPI
751,005070,코스모신소재,KOSPI
752,005420,코스모화학,KOSPI
753,071950,코아스,KOSPI
754,002020,코오롱,KOSPI
755,138490,코오롱ENP,KOSPI
756,003070,코오롱글로벌,KOSPI
757,003075,코오롱글로벌우,KOSPI
758,450140,코오롱모빌리티그룹,KOSPI
759,45014K,코오롱모빌리티그룹우,KOSPI
760,002025,코오롱우,KOSPI
761,120110,코오롱인더,KOSPI
762,120115,코오롱인더우,KOSPI
763,021240,코웨이,KOSPI
764,036420,콘텐트리중앙,KOSPI
765,024720,콜마홀딩스,KOSPI
766,031820,콤텍시스템,KOSPI
767,192400,쿠쿠홀딩스,KOSPI
768,284740,쿠쿠홈시스,KOSPI
769,264900,크라운제과,KOSPI
770,26490K,크라운제과우,KOSPI
771,005740,크라운해태홀딩스,KOSPI
772,005745,크라운해태홀딩스우,KOSPI
773,259960,크래프톤,KOSPI
774,020120,키다리스튜디오,KOSPI
775,039490,키움증권,KOSPI
776,014580,태경비케이,KOSPI
777,015890,태경산업,KOSPI
778,006890,태경케미컬,KOSPI
779,003240,태광산업,KOSPI
780,011280,태림포장,KOSPI
781,004100,태양금속,KOSPI
782,004105,태양금속우,KOSPI
783,009410,태영건설,KOSPI
784,009415,태영건설우,KOSPI
785,001420,태원물산,KOSPI
786,055490,테이팩스,KOSPI
787,078000,텔코웨어,KOSPI
788,214420,토니모리,KOSPI
789,019180,티에이치엔,KOSPI
790,363280,티와이홀딩스,KOSPI
791,36328K,티와이홀딩스우,KOSPI
792,091810,티웨이항공,KOSPI
793,004870,티웨이홀딩스,KOSPI
794,034230,파라다이스,KOSPI
795,005690,파미셀,KOSPI
796,036580,팜스코,KOSPI
797,004720,팜젠사이언스,KOSPI
798,028670,팬오션,KOSPI
799,010820,퍼스텍,KOSPI
800,016800,퍼시스,KOSPI
801,001020,페이퍼코리아,KOSPI
802,090080,평화산업,KOSPI
803,010770,평화홀딩스,KOSPI
804,022100,포스코DX,KOSPI
805,058430,포스코스틸리온,KOSPI
806,047050,포스코인터내셔널,KOSPI
807,003670,포스코퓨처엠,KOSPI
808,017810,풀무원,KOSPI
809,103140,풍산,KOSPI
810,005810,풍산홀딩스,KOSPI
811,950210,프레스티지바이오파마,KOSPI
812,009810,플레이그램,KOSPI
813,086790,하나금융지주,KOSPI
814,293480,하나제약,KOSPI
815,039130,하나투어,KOSPI
816,352820,하이브,KOSPI
817,071090,하이스틸,KOSPI
818,000080,하이트진로,KOSPI
819,000087,하이트진로2우B,KOSPI
820,000140,하이트진로홀딩스,KOSPI
821,000145,하이트진로홀딩스우,KOSPI
822,152550,한국ANKOR유전,KOSPI
823,036460,한국가스공사,KOSPI
824,005430,한국공항,KOSPI
825,071050,한국금융지주,KOSPI
826,071055,한국금융지주우,KOSPI
827,010040,한국내화,KOSPI
828,025540,한국단자,KOSPI
829,010100,한국무브넥스,KOSPI
830,004090,한국석유,KOSPI
831,002200,한국수출포장,KOSPI
832,002960,한국쉘석유,KOSPI
833,000240,한국앤컴퍼니,KOSPI
834,123890,한국자산신탁,KOSPI
835,015760,한국전력,KOSPI
836,006200,한국전자홀딩스,KOSPI
837,027970,한국제지,KOSPI
838,023350,한국종합기술,KOSPI
839,025890,한국주강,KOSPI
840,000970,한국주철관,KOSPI
841,104700,한국철강,KOSPI
842,017960,한국카본,KOSPI
843,161890,한국콜마,KOSPI
844,161390,한국타이어앤테크놀로지,KOSPI
845,034830,한국토지신탁,KOSPI
846,007280,한국특강,KOSPI
847,047810,한국항공우주,KOSPI
848,123690,한국화장품,KOSPI
849,003350,한국화장품제조,KOSPI
850,011500,한농화성,KOSPI
851,002390,한독,KOSPI
852,053690,한미글로벌,KOSPI
853,042700,한미반도체,KOSPI
854,008930,한미사이언스,KOSPI
855,128940,한미약품,KOSPI
856,009240,한샘,KOSPI
857,020000,한섬,KOSPI
858,003680,한성기업,KOSPI
859,105630,한세실업,KOSPI
860,069640,한세엠케이,KOSPI
861,016450,한세예스24홀딩스,KOSPI
862,010420,한솔PNS,KOSPI
863,009180,한솔로지스틱스,KOSPI
864,213500,한솔제지,KOSPI
865,014680,한솔케미칼,KOSPI
866,004710,한솔테크닉스,KOSPI
867,004150,한솔홀딩스,KOSPI
868,025750,한솔홈데코,KOSPI
869,004960,한신공영,KOSPI
870,011700,한신기계,KOSPI
871,001750,한양증권,KOSPI
872,001755,한양증권우,KOSPI
873,018880,한온시스템,KOSPI
874,009420,한올바이오파마,KOSPI
875,014130,한익스프레스,KOSPI
876,300720,한일시멘트,KOSPI
877,002220,한일철강,KOSPI
878,006390,한일현대시멘트,KOSPI
879,003300,한일홀딩스,KOSPI
880,051600,한전KPS,KOSPI
881,052690,한전기술,KOSPI
882,130660,한전산업,KOSPI
883,002320,한진,KOSPI
884,003480,한진중공업홀딩스,KOSPI
885,180640,한진칼,KOSPI
886,18064K,한진칼우,KOSPI
887,005110,한창,KOSPI
888,009460,한창제지,KOSPI
889,372910,한컴라이프케어,KOSPI
890,000880,한화,KOSPI
891,00088K,한화3우B,KOSPI
892,452260,한화갤러리아,KOSPI
893,45226K,한화갤러리아우,KOSPI
894,451800,한화리츠,KOSPI
895,489790,한화비전,KOSPI
896,088350,한화생명,KOSPI
897,000370,한화손해보험,KOSPI
898,009830,한화솔루션,KOSPI
899,009835,한화솔루션우,KOSPI
900,272210,한화시스템,KOSPI
901,012450,한화에어로스페이스,KOSPI
902,082740,한화엔진,KOSPI
903,042660,한화오션,KOSPI
904,000885,한화우,KOSPI
905,003530,한화투자증권,KOSPI
906,003535,한화투자증권우,KOSPI
907,195870,해성디에스,KOSPI
908,101530,해태제과식품,KOSPI
909,143210,핸즈코퍼레이션,KOSPI
910,000720,현대건설,KOSPI
911,000725,현대건설우,KOSPI
912,453340,현대그린푸드,KOSPI
913,086280,현대글로비스,KOSPI
914,064350,현대로템,KOSPI
915,079430,현대리바트,KOSPI
916,012330,현대모비스,KOSPI
917,069960,현대백화점,KOSPI
918,004560,현대비앤지스틸,KOSPI
919,004310,현대약품,KOSPI
920,017800,현대엘리베이,KOSPI
921,307950,현대오토에버,KOSPI
922,011210,현대위아,KOSPI
923,004020,현대제철,KOSPI
924,005440,현대지에프홀딩스,KOSPI
925,005380,현대차,KOSPI
926,005387,현대차2우B,KOSPI
927,005389,현대차3우B,KOSPI
928,005385,현대차우,KOSPI
929,001500,현대차증권,KOSPI
930,011760,현대코퍼레이션,KOSPI
931,227840,현대코퍼레이션홀딩스,KOSPI
932,126560,현대퓨처넷,KOSPI
933,001450,현대해상,KOSPI
934,057050,현대홈쇼핑,KOSPI
935,093240,형지엘리트,KOSPI
936,003010,혜인,KOSPI
937,111110,호전실업,KOSPI
938,008770,호텔신라,KOSPI
939,008775,호텔신라우,KOSPI
940,378850,화승알앤에이,KOSPI
941,241590,화승엔터프라이즈,KOSPI
942,006060,화승인더,KOSPI
943,013520,화승코퍼레이션,KOSPI
944,010690,화신,KOSPI
945,133820,화인베스틸,KOSPI
946,010660,화천기계,KOSPI
947,000850,화천기공,KOSPI
948,016580,환인제약,KOSPI
949,032560,황금에스티,KOSPI
950,004800,효성,KOSPI
951,094280,효성ITX,KOSPI
952,298040,효성중공업,KOSPI
953,298020,효성티앤씨,KOSPI
954,298000,효성화학,KOSPI
955,093370,후성,KOSPI
956,005870,휴니드,KOSPI
957,079980,휴비스,KOSPI
958,005010,휴스틸,KOSPI
959,000540,흥국화재,KOSPI
960,000545,흥국화재우,KOSPI
961,003280,흥아해운,KOSPI
962,060310,3S,KOSDAQ
963,054620,APS,KOSDAQ
964,265520,AP시스템,KOSDAQ
965,211270,AP위성,KOSDAQ
966,109960,AP헬스케어,KOSDAQ
967,139050,BF랩스,KOSDAQ
968,126600,BGF에코머티리얼즈,KOSDAQ
969,013720,CBI,KOSDAQ
970,083790,CG인바이츠,KOSDAQ
971,035760,CJ ENM,KOSDAQ
972,311690,CJ 바이오사이언스,KOSDAQ
973,051500,CJ프레시웨이,KOSDAQ
974,058820,CMG제약,KOSDAQ
975,023460,CNH,KOSDAQ
976,056730,CNT85,KOSDAQ
977,065770,CS,KOSDAQ
978,083660,CSA 코스믹,KOSDAQ
979,456440,DB금융스팩11호,KOSDAQ
980,477760,DB금융스팩12호,KOSDAQ
981,099520,DGI,KOSDAQ
982,060900,DGP,KOSDAQ
983,290120,DH오토리드,KOSDAQ
984,025440,DH오토웨어,KOSDAQ
985,068790,DMS,KOSDAQ
986,241520,DSC인베스트먼트,KOSDAQ
987,180400,DXVX,KOSDAQ
988,245620,EDGC,KOSDAQ
989,037370,EG,KOSDAQ
990,050120,ES큐브,KOSDAQ
991,214270,FSN,KOSDAQ
992,130500,GH신소재,KOSDAQ
993,900290,GRT,KOSDAQ
994,083450,GST,KOSDAQ
995,297890,HB솔루션,KOSDAQ
996,440290,HB인베스트먼트,KOSDAQ
997,078150,HB테크놀러지,KOSDAQ
998,195940,HK이노엔,KOSDAQ
999,028300,HLB,KOSDAQ
1000,278650,HLB바이오스텝,KOSDAQ
1001,067630,HLB생명과학,KOSDAQ
1002,024850,HLB이노베이션,KOSDAQ
1003,187420,HLB제넥스,KOSDAQ
1004,047920,HLB제약,KOSDAQ
1005,115450,HLB테라퓨틱스,KOSDAQ
1006,046210,HLB파나진,KOSDAQ
1007,403870,HPSP,KOSDAQ
1008,036640,HRS,KOSDAQ
1009,439730,IBKS제20호스팩,KOSDAQ
1010,442770,IBKS제21호스팩,KOSDAQ
1011,448760,IBKS제22호스팩,KOSDAQ
1012,467930,IBKS제23호스팩,KOSDAQ
1013,469480,IBKS제24호스팩,KOSDAQ
1014,095340,ISC,KOSDAQ
1015,950170,JTC,KOSDAQ
1016,067290,JW신약,KOSDAQ
1017,035900,JYP Ent.,KOSDAQ
1018,318000,KBG,KOSDAQ
1019,024840,KBI메탈,KOSDAQ
1020,024120,KB오토시스,KOSDAQ
1021,455250,KB제25호스팩,KOSDAQ
1022,464680,KB제27호스팩,KOSDAQ
1023,476470,KB제28호스팩,KOSDAQ
1024,478390,KB제29호스팩,KOSDAQ
1025,486630,KB제30호스팩,KOSDAQ
1026,492220,KB제31호스팩,KOSDAQ
1027,021320,KCC건설,KOSDAQ
1028,044180,KD,KOSDAQ
1029,046440,KG모빌리언스,KOSDAQ
1030,151860,KG에코솔루션,KOSDAQ
1031,035600,KG이니시스,KOSDAQ
1032,226360,KH 건설,KOSDAQ
1033,111870,KH 미래물산,KOSDAQ
1034,060720,KH바텍,KOSDAQ
1035,058400,KNN,KOSDAQ
1036,101000,KS인더스트리,KOSDAQ
1037,043610,KT지니뮤직,KOSDAQ
1038,122450,KX,KOSDAQ
1039,052900,KX하이텍,KOSDAQ
1040,036560,KZ정밀,KOSDAQ
1041,061970,LB세미콘,KOSDAQ
1042,309960,LB인베스트먼트,KOSDAQ
1043,225190,LK삼양,KOSDAQ
1044,060370,LS마린솔루션,KOSDAQ
1045,417200,LS머트리얼즈,KOSDAQ
1046,078020,LS증권,KOSDAQ
1047,322180,LS티라유텍,KOSDAQ
1048,476080,M83,KOSDAQ
1049,086960,MDS테크,KOSDAQ
1050,160550,NEW,KOSDAQ
1051,053290,NE능률,KOSDAQ
1052,060250,NHN KCP,KOSDAQ
1053,104200,NHN벅스,KOSDAQ
1054,222160,NPX,KOSDAQ
1055,024940,PN풍년,KOSDAQ
1056,218410,RFHIC,KOSDAQ
1057,327260,RF머트리얼즈,KOSDAQ
1058,474610,RF시스템즈,KOSDAQ
1059,091340,S&K폴리텍,KOSDAQ
1060,419530,SAMG엔터,KOSDAQ
1061,019550,SBI인베스트먼트,KOSDAQ
1062,950110,SBI핀테크솔루션즈,KOSDAQ
1063,036120,SCI평가정보,KOSDAQ
1064,246960,SCL사이언스,KOSDAQ
1065,099220,SDN,KOSDAQ
1066,036540,SFA반도체,KOSDAQ
1067,255220,SG,KOSDAQ
1068,040610,SG&G,KOSDAQ
1069,049470,SGA,KOSDAQ
1070,184230,SGA솔루션즈,KOSDAQ
1071,016250,SGC E&C,KOSDAQ
1072,357880,SKAI,KOSDAQ
1073,048550,SM C&C,KOSDAQ
1074,063440,SM Life Design,KOSDAQ
1075,067160,SOOP,KOSDAQ
1076,289080,SV인베스트먼트,KOSDAQ
1077,089230,THE E&M,KOSDAQ
1078,032540,TJ미디어,KOSDAQ
1079,022220,TKG애강,KOSDAQ
1080,048770,TPC,KOSDAQ
1081,246690,TS인베스트먼트,KOSDAQ
1082,317240,TS트릴리온,KOSDAQ
1083,057030,YBM넷,KOSDAQ
1084,040300,YTN,KOSDAQ
1085,051390,YW,KOSDAQ
1086,052220,iMBC,KOSDAQ
1087,079940,가비아,KOSDAQ
1088,078890,가온그룹,KOSDAQ
1089,399720,가온칩스,KOSDAQ
1090,036620,감성코퍼레이션,KOSDAQ
1091,198440,강동씨앤엘,KOSDAQ
1092,217730,강스템바이오텍,KOSDAQ
1093,114190,강원에너지,KOSDAQ
1094,094480,갤럭시아머니트리,KOSDAQ
1095,039240,경남스틸,KOSDAQ
1096,053950,경남제약,KOSDAQ
1097,011040,경동제약,KOSDAQ
1098,024910,경창산업,KOSDAQ
1099,049720,고려신용정보,KOSDAQ
1100,014570,고려제약,KOSDAQ
1101,348150,고바이오랩,KOSDAQ
1102,950190,고스트스튜디오,KOSDAQ
1103,098460,고영,KOSDAQ
1104,035290,골드앤에스,KOSDAQ
1105,215000,골프존,KOSDAQ
1106,121440,골프존뉴딘홀딩스,KOSDAQ
1107,366030,공구우먼,KOSDAQ
1108,014200,광림,KOSDAQ
1109,029480,광무,KOSDAQ
1110,026910,광진실업,KOSDAQ
1111,440790,교보13호스팩,KOSDAQ
1112,456490,교보14호스팩,KOSDAQ
1113,465320,교보15호스팩,KOSDAQ
1114,482520,교보16호스팩,KOSDAQ
1115,489210,교보17호스팩,KOSDAQ
1116,053270,구영테크,KOSDAQ
1117,066620,국보디자인,KOSDAQ
1118,043650,국순당,KOSDAQ
1119,006050,국영지앤엠,KOSDAQ
1120,060480,국일신동,KOSDAQ
1121,078130,국일제지,KOSDAQ
1122,307750,국전약품,KOSDAQ
1123,035080,그래디언트,KOSDAQ
1124,453450,그리드위즈,KOSDAQ
1125,204020,그리티,KOSDAQ
1126,402490,그린리소스,KOSDAQ
1127,114450,그린생명과학,KOSDAQ
1128,186230,그린플러스,KOSDAQ
1129,900070,글로벌에스엠,KOSDAQ
1130,204620,글로벌텍스프리,KOSDAQ
1131,019660,글로본,KOSDAQ
1132,053260,금강철강,KOSDAQ
1133,282720,금양그린파워,KOSDAQ
1134,036190,금화피에스시,KOSDAQ
1135,049080,기가레인,KOSDAQ
1136,420770,기가비스,KOSDAQ
1137,035460,기산텔레콤,KOSDAQ
1138,407400,꿈비,KOSDAQ
1139,187790,나노,KOSDAQ
1140,286750,나노브릭,KOSDAQ
1141,121600,나노신소재,KOSDAQ
1142,247660,나노씨엠에스,KOSDAQ
1143,039860,나노엔텍,KOSDAQ
1144,091970,나노캠텍,KOSDAQ
1145,417010,나노팀,KOSDAQ
1146,405920,나라셀라,KOSDAQ
1147,051490,나라엠앤디,KOSDAQ
1148,137080,나래나노텍,KOSDAQ
1149,190510,나무가,KOSDAQ
1150,242040,나무기술,KOSDAQ
1151,089600,나스미디어,KOSDAQ
1152,293580,나우IB,KOSDAQ
1153,138610,나이벡,KOSDAQ
1154,130580,나이스디앤비,KOSDAQ
1155,036800,나이스정보통신,KOSDAQ
1156,267320,나인테크,KOSDAQ
1157,111710,남화산업,KOSDAQ
1158,091590,남화토건,KOSDAQ
1159,168330,내츄럴엔도텍,KOSDAQ
1160,094860,네오리진,KOSDAQ
1161,253590,네오셈,KOSDAQ
1162,212560,네오오토,KOSDAQ
1163,095660,네오위즈,KOSDAQ
1164,042420,네오위즈홀딩스,KOSDAQ
1165,950220,네오이뮨텍,KOSDAQ
1166,311390,네오크레마,KOSDAQ
1167,085910,네오티스,KOSDAQ
1168,092730,네오팜,KOSDAQ
1169,290660,네오펙트,KOSDAQ
1170,306620,네온테크,KOSDAQ
1171,153460,네이블,KOSDAQ
1172,007390,네이처셀,KOSDAQ
1173,033640,네패스,KOSDAQ
1174,330860,네패스아크,KOSDAQ
1175,089140,넥스턴바이오,KOSDAQ
1176,389650,넥스트바이오메디컬,KOSDAQ
1177,137940,넥스트아이,KOSDAQ
1178,396270,넥스트칩,KOSDAQ
1179,348210,넥스틴,KOSDAQ
1180,225570,넥슨게임즈,KOSDAQ
1181,205500,넥써쓰,KOSDAQ
1182,217270,넵튠,KOSDAQ
1183,104620,노랑풍선,KOSDAQ
1184,473980,노머스,KOSDAQ
1185,194700,노바렉스,KOSDAQ
1186,285490,노바텍,KOSDAQ
1187,145170,노브랜드,KOSDAQ
1188,106520,노블엠앤비,KOSDAQ
1189,376930,노을,KOSDAQ
1190,142280,녹십자엠에스,KOSDAQ
1191,234690,녹십자웰빙,KOSDAQ
1192,054050,농우바이오,KOSDAQ
1193,069140,누리플랜,KOSDAQ
1194,040160,누리플렉스,KOSDAQ
1195,332290,누보,KOSDAQ
1196,348340,뉴로메카,KOSDAQ
1197,060260,뉴보텍,KOSDAQ
1198,123840,뉴온,KOSDAQ
1199,012340,뉴인텍,KOSDAQ
1200,270870,뉴트리,KOSDAQ
1201,144960,뉴파워프라즈마,KOSDAQ
1202,085670,뉴프렉스,KOSDAQ
1203,064260,다날,KOSDAQ
1204,340360,다보링크,KOSDAQ
1205,039560,다산네트웍스,KOSDAQ
1206,154040,다산솔루에타,KOSDAQ
1207,032190,다우데이타,KOSDAQ
1208,323350,다원넥스뷰,KOSDAQ
1209,068240,다원시스,KOSDAQ
1210,464580,닷밀,KOSDAQ
1211,020400,대동금속,KOSDAQ
1212,008830,대동기어,KOSDAQ
1213,048470,대동스틸,KOSDAQ
1214,004780,대륙제관,KOSDAQ
1215,017650,대림제지,KOSDAQ
1216,007720,대명소노시즌,KOSDAQ
1217,389260,대명에너지,KOSDAQ
1218,317850,대모,KOSDAQ
1219,290670,대보마그네틱,KOSDAQ
1220,078140,대봉엘에스,KOSDAQ
1221,065150,대산F&B,KOSDAQ
1222,036480,대성미생물,KOSDAQ
1223,027830,대성창투,KOSDAQ
1224,104040,대성파인텍,KOSDAQ
1225,129920,대성하이텍,KOSDAQ
1226,442310,대신밸런스제14호스팩,KOSDAQ
1227,457390,대신밸런스제15호스팩,KOSDAQ
1228,457630,대신밸런스제16호스팩,KOSDAQ
1229,471050,대신밸런스제17호스팩,KOSDAQ
1230,478780,대신밸런스제18호스팩,KOSDAQ
1231,482690,대신밸런스제19호스팩,KOSDAQ
1232,020180,대신정보통신,KOSDAQ
1233,045390,대아티아이,KOSDAQ
1234,108380,대양전기공업,KOSDAQ
1235,007680,대원,KOSDAQ
1236,048910,대원미디어,KOSDAQ
1237,005710,대원산업,KOSDAQ
1238,290380,대유,KOSDAQ
1239,120240,대정화금,KOSDAQ
1240,003310,대주산업,KOSDAQ
1241,078600,대주전자재료,KOSDAQ
1242,393970,대진첨단소재,KOSDAQ
1243,096350,대창솔루션,KOSDAQ
1244,140520,대창스틸,KOSDAQ
1245,131220,대한과학,KOSDAQ
1246,010170,대한광통신,KOSDAQ
1247,054670,대한뉴팜,KOSDAQ
1248,023910,대한약품,KOSDAQ
1249,021040,대호특수강,KOSDAQ
1250,021045,대호특수강우,KOSDAQ
1251,067080,대화제약,KOSDAQ
1252,298540,더네이쳐홀딩스,KOSDAQ
1253,032860,더라미,KOSDAQ
1254,393890,더블유씨피,KOSDAQ
1255,299170,더블유에스아이,KOSDAQ
1256,462860,더즌,KOSDAQ
1257,224060,더코디,KOSDAQ
1258,043090,더테크놀로지,KOSDAQ
1259,213420,덕산네오룩스,KOSDAQ
1260,317330,덕산테코피아,KOSDAQ
1261,077360,덕산하이메탈,KOSDAQ
1262,090410,덕신이피씨,KOSDAQ
1263,263600,덕우전자,KOSDAQ
1264,194480,데브시스터즈,KOSDAQ
1265,373160,데이원컴퍼니,KOSDAQ
1266,263800,데이타솔루션,KOSDAQ
1267,206560,덱스터,KOSDAQ
1268,261200,덴티스,KOSDAQ
1269,067990,도이치모터스,KOSDAQ
1270,006620,동구바이오제약,KOSDAQ
1271,100130,동국S&C,KOSDAQ
1272,005160,동국산업,KOSDAQ
1273,303810,동국생명과학,KOSDAQ
1274,075970,동국알앤에스,KOSDAQ
1275,086450,동국제약,KOSDAQ
1276,240550,동방메디컬,KOSDAQ
1277,099410,동방선기,KOSDAQ
1278,033500,동성화인텍,KOSDAQ
1279,025950,동신건설,KOSDAQ
1280,088130,동아엘텍,KOSDAQ
1281,041930,동아화성,KOSDAQ
1282,060380,동양에스텍,KOSDAQ
1283,079960,동양이엔피,KOSDAQ
1284,228340,동양파일,KOSDAQ
1285,088910,동우팜투테이블,KOSDAQ
1286,094170,동운아나텍,KOSDAQ
1287,013120,동원개발,KOSDAQ
1288,109860,동일금속,KOSDAQ
1289,032960,동일기연,KOSDAQ
1290,023790,동일스틸럭스,KOSDAQ
1291,005290,동진쎄미켐,KOSDAQ
1292,025900,동화기업,KOSDAQ
1293,131970,두산테스나,KOSDAQ
1294,073190,듀오백,KOSDAQ
1295,176750,듀켐바이오,KOSDAQ
1296,030350,드래곤플라이,KOSDAQ
1297,203650,드림시큐리티,KOSDAQ
1298,223250,드림씨아이에스,KOSDAQ
1299,060570,드림어스컴퍼니,KOSDAQ
1300,362990,드림인사이트,KOSDAQ
1301,016670,디모아,KOSDAQ
1302,187870,디바이스이엔지,KOSDAQ
1303,489730,디비금융제13호스팩,KOSDAQ
1304,110990,디아이티,KOSDAQ
1305,263690,디알젬,KOSDAQ
1306,214680,디알텍,KOSDAQ
1307,347850,디앤디파마텍,KOSDAQ
1308,263720,디앤씨미디어,KOSDAQ
1309,376300,디어유,KOSDAQ
1310,109740,디에스케이,KOSDAQ
1311,031860,디에이치엑스컴퍼니,KOSDAQ
1312,196490,디에이테크놀로지,KOSDAQ
1313,066900,디에이피,KOSDAQ
1314,092070,디엔에프,KOSDAQ
1315,039840,디오,KOSDAQ
1316,219550,디와이디,KOSDAQ
1317,310870,디와이씨,KOSDAQ
1318,104460,디와이피엔에프,KOSDAQ
1319,079810,디이엔티,KOSDAQ
1320,113810,디젠스,KOSDAQ
1321,043360,디지아이,KOSDAQ
1322,197140,디지캡,KOSDAQ
1323,068930,디지털대성,KOSDAQ
1324,033130,디지틀조선,KOSDAQ
1325,105740,디케이락,KOSDAQ
1326,263020,디케이앤디,KOSDAQ
1327,290550,디케이티,KOSDAQ
1328,066670,디티씨,KOSDAQ
1329,187220,디티앤씨,KOSDAQ
1330,383930,디티앤씨알오,KOSDAQ
1331,131180,딜리,KOSDAQ
1332,315640,딥노이드,KOSDAQ
1333,223310,딥마인드,KOSDAQ
1334,317120,라닉스,KOSDAQ
1335,462510,라메디텍,KOSDAQ
1336,042510,라온시큐어,KOSDAQ
1337,232680,라온테크,KOSDAQ
1338,418420,라온텍,KOSDAQ
1339,300120,라온피플,KOSDAQ
1340,171120,라이온켐텍,KOSDAQ
1341,388790,라이콤,KOSDAQ
1342,214260,라파스,KOSDAQ
1343,171010,램테크놀러지,KOSDAQ
1344,084650,랩지노믹스,KOSDAQ
1345,217500,러셀,KOSDAQ
1346,038390,레드캡투어,KOSDAQ
1347,294140,레몬,KOSDAQ
1348,443250,레뷰코퍼레이션,KOSDAQ
1349,228670,레이,KOSDAQ
1350,228850,레이언스,KOSDAQ
1351,412350,레이저쎌,KOSDAQ
1352,199550,레이저옵텍,KOSDAQ
1353,281740,레이크머티리얼즈,KOSDAQ
1354,277810,레인보우로보틱스,KOSDAQ
1355,215100,로보로보,KOSDAQ
1356,090360,로보스타,KOSDAQ
1357,108490,로보티즈,KOSDAQ
1358,900260,로스웰,KOSDAQ
1359,067730,로지시스,KOSDAQ
1360,071280,로체시스템즈,KOSDAQ
1361,328130,루닛,KOSDAQ
1362,038060,루멘스,KOSDAQ
1363,474170,루미르,KOSDAQ
1364,141080,리가켐바이오,KOSDAQ
1365,058470,리노공업,KOSDAQ
1366,016100,리더스코스메틱,KOSDAQ
1367,012700,리드코프,KOSDAQ
1368,302550,리메드,KOSDAQ
1369,073570,리튬포어스,KOSDAQ
1370,377450,리파인,KOSDAQ
1371,277070,린드먼아시아,KOSDAQ
1372,042500,링네트,KOSDAQ
1373,193250,링크드,KOSDAQ
1374,219420,링크제니시스,KOSDAQ
1375,439090,마녀공장,KOSDAQ
1376,195500,마니커에프앤지,KOSDAQ
1377,377480,마음AI,KOSDAQ
1378,305090,마이크로디지탈,KOSDAQ
1379,098120,마이크로컨텍솔,KOSDAQ
1380,424980,마이크로투나노,KOSDAQ
1381,038290,마크로젠,KOSDAQ
1382,267980,매일유업,KOSDAQ
1383,005990,매일홀딩스,KOSDAQ
1384,093520,매커스,KOSDAQ
1385,100590,머큐리,KOSDAQ
1386,067280,멀티캠퍼스,KOSDAQ
1387,072870,메가스터디,KOSDAQ
1388,215200,메가스터디교육,KOSDAQ
1389,133750,메가엠디,KOSDAQ
1390,446540,메가터치,KOSDAQ
1391,235980,메드팩토,KOSDAQ
1392,041920,메디아나,KOSDAQ
1393,014100,메디앙스,KOSDAQ
1394,054180,메디콕스,KOSDAQ
1395,086900,메디톡스,KOSDAQ
1396,078160,메디포스트,KOSDAQ
1397,408920,메쎄이상,KOSDAQ
1398,021880,메이슨캐피탈,KOSDAQ
1399,140410,메지온,KOSDAQ
1400,241770,메카로,KOSDAQ
1401,059210,메타바이오메드,KOSDAQ
1402,058110,멕아이씨에스,KOSDAQ
1403,434480,모니터랩,KOSDAQ
1404,080420,모다이노칩,KOSDAQ
1405,417970,모델솔루션,KOSDAQ
1406,080160,모두투어,KOSDAQ
1407,087260,모바일어플라이언스,KOSDAQ
1408,101330,모베이스,KOSDAQ
1409,012860,모베이스전자,KOSDAQ
1410,363260,모비데이즈,KOSDAQ
1411,348030,모비릭스,KOSDAQ
1412,250060,모비스,KOSDAQ
1413,288980,모아데이타,KOSDAQ
1414,142760,모아라이프플러스,KOSDAQ
1415,033200,모아텍,KOSDAQ
1416,333050,모코엠시스,KOSDAQ
1417,118990,모트렉스,KOSDAQ
1418,463480,모티브링크,KOSDAQ
1419,006920,모헨즈,KOSDAQ
1420,001810,무림SP,KOSDAQ
1421,279600,미디어젠,KOSDAQ
1422,095500,미래나노텍,KOSDAQ
1423,254490,미래반도체,KOSDAQ
1424,218150,미래생명자원,KOSDAQ
1425,442900,미래에셋드림스팩1호,KOSDAQ
1426,100790,미래에셋벤처투자,KOSDAQ
1427,446190,미래에셋비전스팩2호,KOSDAQ
1428,448830,미래에셋비전스팩3호,KOSDAQ
1429,477380,미래에셋비전스팩4호,KOSDAQ
1430,477470,미래에셋비전스팩5호,KOSDAQ
1431,478440,미래에셋비전스팩6호,KOSDAQ
1432,482680,미래에셋비전스팩7호,KOSDAQ
1433,049950,미래컴퍼니,KOSDAQ
1434,207760,미스터블루,KOSDAQ
1435,059090,미코,KOSDAQ
1436,214610,미코바이오메드,KOSDAQ
1437,201490,미투온,KOSDAQ
1438,475460,미트박스,KOSDAQ
1439,452200,민테크,KOSDAQ
1440,418470,밀리의서재,KOSDAQ
1441,206640,바디텍메드,KOSDAQ
1442,018700,바른손,KOSDAQ
1443,035620,바른손이앤에이,KOSDAQ
1444,053030,바이넥스,KOSDAQ
1445,301300,바이브컴퍼니,KOSDAQ
1446,064550,바이오니아,KOSDAQ
1447,314930,바이오다인,KOSDAQ
1448,208710,바이오로그디바이스,KOSDAQ
1449,086820,바이오솔루션,KOSDAQ
1450,038460,바이오스마트,KOSDAQ
1451,251120,바이오에프디엔씨,KOSDAQ
1452,199730,바이오인프라,KOSDAQ
1453,086040,바이오톡스텍,KOSDAQ
1454,099430,바이오플러스,KOSDAQ
1455,032980,바이온,KOSDAQ
1456,308080,바이젠셀,KOSDAQ
1457,043150,바텍,KOSDAQ
1458,323990,박셀바이오,KOSDAQ
1459,267790,배럴,KOSDAQ
1460,046310,백금T&A,KOSDAQ
1461,331520,밸로프,KOSDAQ
1462,199480,뱅크웨어글로벌,KOSDAQ
1463,438700,버넥트,KOSDAQ
1464,066410,버킷스튜디오,KOSDAQ
1465,382900,범한퓨얼셀,KOSDAQ
1466,206400,베노티앤알,KOSDAQ
1467,019010,베뉴지,KOSDAQ
1468,177350,베셀,KOSDAQ
1469,457600,벡트,KOSDAQ
1470,424760,벨로크,KOSDAQ
1471,225530,보광산업,KOSDAQ
1472,250000,보라티알,KOSDAQ
1473,310210,보로노이,KOSDAQ
1474,006910,보성파워텍,KOSDAQ
1475,226340,본느,KOSDAQ
1476,014470,부방,KOSDAQ
1477,008470,부스타,KOSDAQ
1478,338220,뷰노,KOSDAQ
1479,100120,뷰웍스,KOSDAQ
1480,406820,뷰티스킨,KOSDAQ
1481,337930,브랜드엑스코퍼레이션,KOSDAQ
1482,099390,브레인즈컴퍼니,KOSDAQ
1483,064480,브리지텍,KOSDAQ
1484,288330,브릿지바이오테라퓨틱스,KOSDAQ
1485,365900,브이씨,KOSDAQ
1486,089970,브이엠,KOSDAQ
1487,251630,브이원텍,KOSDAQ
1488,018290,브이티,KOSDAQ
1489,478560,블랙야크아이앤씨,KOSDAQ
1490,439580,블루엠텍,KOSDAQ
1491,033560,블루콤,KOSDAQ
1492,369370,블리츠웨이스튜디오,KOSDAQ
1493,126340,비나텍,KOSDAQ
1494,121800,비덴트,KOSDAQ
1495,082800,비보존 제약,KOSDAQ
1496,318410,비비씨,KOSDAQ
1497,419540,비스토스,KOSDAQ
1498,146320,비씨엔씨,KOSDAQ
1499,200780,비씨월드제약,KOSDAQ
1500,413640,비아이매트릭스,KOSDAQ
1501,141000,비아트론,KOSDAQ
1502,083650,비에이치아이,KOSDAQ
1503,445360,비엔케이제1호스팩,KOSDAQ
1504,473370,비엔케이제2호스팩,KOSDAQ
1505,065170,비엘팜텍,KOSDAQ
1506,086670,비엠티,KOSDAQ
1507,335890,비올,KOSDAQ
1508,230980,비유테크놀러지,KOSDAQ
1509,082920,비츠로셀,KOSDAQ
1510,054220,비츠로시스,KOSDAQ
1511,042370,비츠로테크,KOSDAQ
1512,050090,비케이홀딩스,KOSDAQ
1513,148780,비큐AI,KOSDAQ
1514,307870,비투엔,KOSDAQ
1515,377030,비트맥스,KOSDAQ
1516,032850,비트컴퓨터,KOSDAQ
1517,238200,비피도,KOSDAQ
1518,093190,빅솔론,KOSDAQ
1519,065450,빅텍,KOSDAQ
1520,044480,빌리언스,KOSDAQ
1521,069540,빛과전자,KOSDAQ
1522,072950,빛샘전자,KOSDAQ
1523,451250,삐아,KOSDAQ
1524,143240,사람인,KOSDAQ
1525,466410,사이냅소프트,KOSDAQ
1526,452430,사피엔반도체,KOSDAQ
1527,419120,산돌,KOSDAQ
1528,122350,삼기,KOSDAQ
1529,419050,삼기에너지솔루션즈,KOSDAQ
1530,014970,삼륭물산,KOSDAQ
1531,018310,삼목에스폼,KOSDAQ
1532,053700,삼보모터스,KOSDAQ
1533,009620,삼보산업,KOSDAQ
1534,023600,삼보판지,KOSDAQ
1535,439250,삼성스팩7호,KOSDAQ
1536,448740,삼성스팩8호,KOSDAQ
1537,468510,삼성스팩9호,KOSDAQ
1538,009300,삼아제약,KOSDAQ
1539,482630,삼양엔씨켐,KOSDAQ
1540,036670,삼양케이씨아이,KOSDAQ
1541,361670,삼영에스앤씨,KOSDAQ
1542,054540,삼영엠텍,KOSDAQ
1543,065570,삼영이엔씨,KOSDAQ
1544,032280,삼일,KOSDAQ
1545,002290,삼일기업공사,KOSDAQ
1546,037460,삼지전자,KOSDAQ
1547,032750,삼진,KOSDAQ
1548,054090,삼진엘앤디,KOSDAQ
1549,000250,삼천당제약,KOSDAQ
1550,024950,삼천리자전거,KOSDAQ
1551,038500,삼표시멘트,KOSDAQ
1552,437730,삼현,KOSDAQ
1553,017480,삼현철강,KOSDAQ
1554,046390,삼화네트웍스,KOSDAQ
1555,027580,상보,KOSDAQ
1556,038540,상상인,KOSDAQ
1557,452670,상상인제4호스팩,KOSDAQ
1558,091580,상신이디피,KOSDAQ
1559,263810,상신전자,KOSDAQ
1560,089980,상아프론테크,KOSDAQ
1561,042940,상지건설,KOSDAQ
1562,042600,새로닉스,KOSDAQ
1563,107600,새빗켐,KOSDAQ
1564,411080,샌즈랩,KOSDAQ
1565,252990,샘씨엔에스,KOSDAQ
1566,378800,샤페론,KOSDAQ
1567,294630,서남,KOSDAQ
1568,038070,서린바이오,KOSDAQ
1569,006730,서부T&D,KOSDAQ
1570,079650,서산,KOSDAQ
1571,100660,서암기계공업,KOSDAQ
1572,019770,서연탑메탈,KOSDAQ
1573,043710,서울리거,KOSDAQ
1574,092190,서울바이오시스,KOSDAQ
1575,046890,서울반도체,KOSDAQ
1576,063170,서울옥션,KOSDAQ
1577,027040,서울전자통신,KOSDAQ
1578,018680,서울제약,KOSDAQ
1579,093920,서원인텍,KOSDAQ
1580,189860,서전기전,KOSDAQ
1581,178320,서진시스템,KOSDAQ
1582,122690,서진오토모티브,KOSDAQ
1583,140070,서플러스글로벌,KOSDAQ
1584,011370,서한,KOSDAQ
1585,065710,서호전기,KOSDAQ
1586,035890,서희건설,KOSDAQ
1587,357550,석경에이티,KOSDAQ
1588,003100,선광,KOSDAQ
1589,067370,선바이오,KOSDAQ
1590,217620,선샤인푸드,KOSDAQ
1591,171090,선익시스템,KOSDAQ
1592,086710,선진뷰티사이언스,KOSDAQ
1593,014620,성광벤드,KOSDAQ
1594,037350,성도이엔지,KOSDAQ
1595,458650,성우,KOSDAQ
1596,081580,성우전자,KOSDAQ
1597,045300,성우테크론,KOSDAQ
1598,015750,성우하이텍,KOSDAQ
1599,365340,성일하이텍,KOSDAQ
1600,080470,성창오토텍,KOSDAQ
1601,043260,성호전자,KOSDAQ
1602,148150,세경하이테크,KOSDAQ
1603,188260,세니젠,KOSDAQ
1604,053060,세동,KOSDAQ
1605,340440,세림B&G,KOSDAQ
1606,017510,세명전기,KOSDAQ
1607,011560,세보엠이씨,KOSDAQ
1608,396300,세아메카닉스,KOSDAQ
1609,100700,세운메디칼,KOSDAQ
1610,024830,세원물산,KOSDAQ
1611,258830,세종메디칼,KOSDAQ
1612,036630,세종텔레콤,KOSDAQ
1613,039310,세중,KOSDAQ
1614,067770,세진티에스,KOSDAQ
1615,053450,세코닉스,KOSDAQ
1616,222810,세토피아,KOSDAQ
1617,252500,세화피앤씨,KOSDAQ
1618,321370,센서뷰,KOSDAQ
1619,347000,센코,KOSDAQ
1620,331920,셀레믹스,KOSDAQ
1621,352770,셀레스트라,KOSDAQ
1622,471820,셀로맥스사이언스,KOSDAQ
1623,049180,셀루메드,KOSDAQ
1624,299660,셀리드,KOSDAQ
1625,108860,셀바스AI,KOSDAQ
1626,208370,셀바스헬스케어,KOSDAQ
1627,318160,셀바이오휴먼텍,KOSDAQ
1628,308430,셀비온,KOSDAQ
1629,068760,셀트리온제약,KOSDAQ
1630,068940,셀피글로벌,KOSDAQ
1631,060230,소니드,KOSDAQ
1632,290690,소룩스,KOSDAQ
1633,950200,소마젠,KOSDAQ
1634,032680,소프트센,KOSDAQ
1635,032685,소프트센우,KOSDAQ
1636,258790,소프트캠프,KOSDAQ
1637,066910,손오공,KOSDAQ
1638,035610,솔본,KOSDAQ
1639,357780,솔브레인,KOSDAQ
1640,036830,솔브레인홀딩스,KOSDAQ
1641,304100,솔트룩스,KOSDAQ
1642,328380,솔트웨어,KOSDAQ
1643,086980,쇼박스,KOSDAQ
1644,050960,수산아이앤티,KOSDAQ
1645,084180,수성웹툰,KOSDAQ
1646,253840,수젠텍,KOSDAQ
1647,298830,슈어소프트테크,KOSDAQ
1648,236200,슈프리마,KOSDAQ
1649,094840,슈프리마에이치큐,KOSDAQ
1650,192440,슈피겐코리아,KOSDAQ
1651,424960,스마트레이더시스템,KOSDAQ
1652,099440,스맥,KOSDAQ
1653,276040,스코넥,KOSDAQ
1654,159910,스킨앤스킨,KOSDAQ
1655,060240,스타코링크,KOSDAQ
1656,115570,스타플렉스,KOSDAQ
1657,330730,스톤브릿지벤처스,KOSDAQ
1658,352090,스톰테크,KOSDAQ
1659,253450,스튜디오드래곤,KOSDAQ
1660,408900,스튜디오미르,KOSDAQ
1661,204630,스튜디오산타클로스,KOSDAQ
1662,415380,스튜디오삼익,KOSDAQ
1663,013810,스페코,KOSDAQ
1664,347700,스피어,KOSDAQ
1665,049830,승일,KOSDAQ
1666,020710,시공테크,KOSDAQ
1667,033170,시그네틱스,KOSDAQ
1668,048870,시너지이노베이션,KOSDAQ
1669,025320,시노펙스,KOSDAQ
1670,269620,시스웍,KOSDAQ
1671,056090,시지메드텍,KOSDAQ
1672,429270,시지트로닉스,KOSDAQ
1673,418250,시큐레터,KOSDAQ
1674,131090,시큐브,KOSDAQ
1675,232830,시큐센,KOSDAQ
1676,290520,신도기연,KOSDAQ
1677,001000,신라섬유,KOSDAQ
1678,025870,신라에스지,KOSDAQ
1679,215600,신라젠,KOSDAQ
1680,065350,신성델타테크,KOSDAQ
1681,416180,신성에스티,KOSDAQ
1682,162300,신스틸,KOSDAQ
1683,290560,신시웨이,KOSDAQ
1684,002800,신신제약,KOSDAQ
1685,472220,신영스팩10호,KOSDAQ
1686,430220,신영스팩8호,KOSDAQ
1687,445970,신영스팩9호,KOSDAQ
1688,017000,신원종합개발,KOSDAQ
1689,012790,신일제약,KOSDAQ
1690,138070,신진에스엠,KOSDAQ
1691,226330,신테카바이오,KOSDAQ
1692,452980,신한제11호스팩,KOSDAQ
1693,474660,신한제12호스팩,KOSDAQ
1694,474930,신한제13호스팩,KOSDAQ
1695,487360,신한제14호스팩,KOSDAQ
1696,487830,신한제15호스팩,KOSDAQ
1697,056700,신화인터텍,KOSDAQ
1698,187270,신화콘텍,KOSDAQ
1699,243840,신흥에스이씨,KOSDAQ
1700,257720,실리콘투,KOSDAQ
1701,222800,심텍,KOSDAQ
1702,036710,심텍홀딩스,KOSDAQ
1703,444530,심플랫폼,KOSDAQ
1704,160980,싸이맥스,KOSDAQ
1705,356890,싸이버원,KOSDAQ
1706,217330,싸이토젠,KOSDAQ
1707,208640,썸에이지,KOSDAQ
1708,222420,쎄노텍,KOSDAQ
1709,037760,쎄니트,KOSDAQ
1710,099320,쎄트렉아이,KOSDAQ
1711,049960,쎌바이오텍,KOSDAQ
1712,088280,쏘닉스,KOSDAQ
1713,050890,쏠리드,KOSDAQ
1714,394800,쓰리빌리언,KOSDAQ
1715,177900,쓰리에이로직스,KOSDAQ
1716,475400,씨메스,KOSDAQ
1717,109670,씨싸이트,KOSDAQ
1718,066790,씨씨에스,KOSDAQ
1719,222080,씨아이에스,KOSDAQ
1720,352480,씨앤씨인터내셔널,KOSDAQ
1721,264660,씨앤지하이테크,KOSDAQ
1722,352700,씨앤투스,KOSDAQ
1723,458870,씨어스테크놀로지,KOSDAQ
1724,297090,씨에스베어링,KOSDAQ
1725,900120,씨엑스아이,KOSDAQ
1726,359090,씨엔알리서치,KOSDAQ
1727,115530,씨엔플러스,KOSDAQ
1728,115480,씨유메디칼,KOSDAQ
1729,340810,씨유박스,KOSDAQ
1730,376290,씨유테크,KOSDAQ
1731,189330,씨이랩,KOSDAQ
1732,096530,씨젠,KOSDAQ
1733,101240,씨큐브,KOSDAQ
1734,060590,씨티씨바이오,KOSDAQ
1735,260930,씨티케이,KOSDAQ
1736,413630,씨피시스템,KOSDAQ
1737,013990,아가방컴퍼니,KOSDAQ
1738,123860,아나패스,KOSDAQ
1739,025980,아난티,KOSDAQ
1740,125210,아모그린텍,KOSDAQ
1741,357580,아모센스,KOSDAQ
1742,052710,아모텍,KOSDAQ
1743,074430,아미노로직스,KOSDAQ
1744,092040,아미코젠,KOSDAQ
1745,083930,아바코,KOSDAQ
1746,149950,아바텍,KOSDAQ
1747,036010,아비코전자,KOSDAQ
1748,050860,아세아텍,KOSDAQ
1749,136410,아셈스,KOSDAQ
1750,246720,아스타,KOSDAQ
1751,450950,아스테라시스,KOSDAQ
1752,067390,아스트,KOSDAQ
1753,159010,아스플로,KOSDAQ
1754,127710,아시아경제,KOSDAQ
1755,154030,아시아종묘,KOSDAQ
1756,227610,아우딘퓨쳐스,KOSDAQ
1757,143160,아이디스,KOSDAQ
1758,054800,아이디스홀딩스,KOSDAQ
1759,332370,아이디피,KOSDAQ
1760,339950,아이비김영,KOSDAQ
1761,469750,아이비젼웍스,KOSDAQ
1762,460470,아이빔테크놀로지,KOSDAQ
1763,099190,아이센스,KOSDAQ
1764,461300,아이스크림미디어,KOSDAQ
1765,289010,아이스크림에듀,KOSDAQ
1766,214430,아이쓰리시스템,KOSDAQ
1767,040910,아이씨디,KOSDAQ
1768,368600,아이씨에이치,KOSDAQ
1769,456010,아이씨티케이,KOSDAQ
1770,052860,아이앤씨,KOSDAQ
1771,464500,아이언디바이스,KOSDAQ
1772,212710,아이에스티이,KOSDAQ
1773,038880,아이에이,KOSDAQ
1774,307180,아이엘사이언스,KOSDAQ
1775,101390,아이엠,KOSDAQ
1776,461030,아이엠비디엑스,KOSDAQ
1777,451220,아이엠티,KOSDAQ
1778,090150,아이윈,KOSDAQ
1779,123010,아이윈플러스,KOSDAQ
1780,031310,아이즈비전,KOSDAQ
1781,462980,아이지넷,KOSDAQ
1782,185490,아이진,KOSDAQ
1783,059100,아이컴포넌트,KOSDAQ
1784,262840,아이퀘스트,KOSDAQ
1785,175250,아이큐어,KOSDAQ
1786,052460,아이크래프트,KOSDAQ
1787,119830,아이텍,KOSDAQ
1788,052770,아이톡시,KOSDAQ
1789,124500,아이티센,KOSDAQ
1790,010280,아이티센엔텍,KOSDAQ
1791,372800,아이티아이즈,KOSDAQ
1792,084850,아이티엠반도체,KOSDAQ
1793,114840,아이패밀리에스씨,KOSDAQ
1794,027360,아주IB투자,KOSDAQ
1795,032080,아즈텍WB,KOSDAQ
1796,013310,아진산업,KOSDAQ
1797,059120,아진엑스텍,KOSDAQ
1798,203690,아크솔루션스,KOSDAQ
1799,158430,아톤,KOSDAQ
1800,200350,아티스트스튜디오,KOSDAQ
1801,321820,아티스트유나이티드,KOSDAQ
1802,001540,안국약품,KOSDAQ
1803,053800,안랩,KOSDAQ
1804,065660,안트로젠,KOSDAQ
1805,297570,알로이스,KOSDAQ
1806,260660,알리코제약,KOSDAQ
1807,354320,알멕,KOSDAQ
1808,361570,알비더블유,KOSDAQ
1809,131370,알서포트,KOSDAQ
1810,140670,알에스오토메이션,KOSDAQ
1811,096610,알에프세미,KOSDAQ
1812,061040,알에프텍,KOSDAQ
1813,148250,알엔투테크놀로지,KOSDAQ
1814,347860,알체라,KOSDAQ
1815,196170,알테오젠,KOSDAQ
1816,123750,알톤,KOSDAQ
1817,085810,알티캐스트,KOSDAQ
1818,043100,알파녹스,KOSDAQ
1819,117670,알파칩스,KOSDAQ
1820,314140,알피바이오,KOSDAQ
1821,291650,압타머사이언스,KOSDAQ
1822,293780,압타바이오,KOSDAQ
1823,196300,애니젠,KOSDAQ
1824,310200,애니플러스,KOSDAQ
1825,179530,애드바이오텍,KOSDAQ
1826,900100,애머릿지,KOSDAQ
1827,052790,액토즈소프트,KOSDAQ
1828,290740,액트로,KOSDAQ
1829,238090,앤디포스,KOSDAQ
1830,092600,앤씨앤,KOSDAQ
1831,129890,앱코,KOSDAQ
1832,174900,앱클론,KOSDAQ
1833,270520,앱트뉴로사이언스,KOSDAQ
1834,255440,야스,KOSDAQ
1835,030960,양지사,KOSDAQ
1836,102120,어보브반도체,KOSDAQ
1837,238120,얼라인드,KOSDAQ
1838,019990,에너토크,KOSDAQ
1839,435570,에르코스,KOSDAQ
1840,270660,에브리봇,KOSDAQ
1841,038680,에스넷,KOSDAQ
1842,217480,에스디생명공학,KOSDAQ
1843,121890,에스디시스템,KOSDAQ
1844,304360,에스바이오메딕스,KOSDAQ
1845,389500,에스비비테크,KOSDAQ
1846,042110,에스씨디,KOSDAQ
1847,298060,에스씨엠생명과학,KOSDAQ
1848,065420,에스아이리소스,KOSDAQ
1849,103230,에스앤더블류,KOSDAQ
1850,260970,에스앤디,KOSDAQ
1851,101490,에스앤에스텍,KOSDAQ
1852,095910,에스에너지,KOSDAQ
1853,275630,에스에스알,KOSDAQ
1854,031330,에스에이엠티,KOSDAQ
1855,060540,에스에이티,KOSDAQ
1856,351320,에스에이티이엔지,KOSDAQ
1857,056190,에스에프에이,KOSDAQ
1858,246250,에스엘에스바이오,KOSDAQ
1859,041510,에스엠,KOSDAQ
1860,460870,에스엠씨지,KOSDAQ
1861,007820,에스엠코어,KOSDAQ
1862,464080,에스오에스랩,KOSDAQ
1863,109610,에스와이,KOSDAQ
1864,365330,에스와이스틸텍,KOSDAQ
1865,019590,에스유앤피,KOSDAQ
1866,306040,에스제이그룹,KOSDAQ
1867,398120,에스지헬스케어,KOSDAQ
1868,457940,에스케이증권제10호스팩,KOSDAQ
1869,472230,에스케이증권제11호스팩,KOSDAQ
1870,473000,에스케이증권제12호스팩,KOSDAQ
1871,473950,에스케이증권제13호스팩,KOSDAQ
1872,435870,에스케이증권제8호스팩,KOSDAQ
1873,455910,에스케이증권제9호스팩,KOSDAQ
1874,475660,에스켐,KOSDAQ
1875,096630,에스코넥,KOSDAQ
1876,069510,에스텍,KOSDAQ
1877,234300,에스트래픽,KOSDAQ
1878,039440,에스티아이,KOSDAQ
1879,098660,에스티오,KOSDAQ
1880,052020,에스티큐브,KOSDAQ
1881,237690,에스티팜,KOSDAQ
1882,050760,에스폴리텍,KOSDAQ
1883,288620,에스퓨얼셀,KOSDAQ
1884,443670,에스피소프트,KOSDAQ
1885,317830,에스피시스템스,KOSDAQ
1886,058610,에스피지,KOSDAQ
1887,043340,에쎈테크,KOSDAQ
1888,163280,에어레인,KOSDAQ
1889,054630,에이디칩스,KOSDAQ
1890,200710,에이디테크놀로지,KOSDAQ
1891,475580,에이럭스,KOSDAQ
1892,096690,에이루트,KOSDAQ
1893,298380,에이비엘바이오,KOSDAQ
1894,203400,에이비온,KOSDAQ
1895,195990,에이비프로바이오,KOSDAQ
1896,003800,에이스침대,KOSDAQ
1897,088800,에이스테크,KOSDAQ
1898,241840,에이스토리,KOSDAQ
1899,453860,에이에스텍,KOSDAQ
1900,312610,에이에프더블류,KOSDAQ
1901,172670,에이엘티,KOSDAQ
1902,481070,에이유브랜즈,KOSDAQ
1903,445090,에이직랜드,KOSDAQ
1904,295310,에이치브이엠,KOSDAQ
1905,072990,에이치시티,KOSDAQ
1906,044990,에이치엔에스하이텍,KOSDAQ
1907,239610,에이치엘사이언스,KOSDAQ
1908,036170,에이치엠넥스,KOSDAQ
1909,462020,에이치엠씨제6호스팩,KOSDAQ
1910,477340,에이치엠씨제7호스팩,KOSDAQ
1911,148930,에이치와이티씨,KOSDAQ
1912,376270,에이치이엠파마,KOSDAQ
1913,044780,에이치케이,KOSDAQ
1914,357230,에이치피오,KOSDAQ
1915,355690,에이텀,KOSDAQ
1916,071670,에이테크솔루션,KOSDAQ
1917,045660,에이텍,KOSDAQ
1918,224110,에이텍모빌리티,KOSDAQ
1919,021080,에이티넘인베스트,KOSDAQ
1920,200470,에이팩트,KOSDAQ
1921,262260,에이프로,KOSDAQ
1922,397030,에이프릴바이오,KOSDAQ
1923,230240,에치에프알,KOSDAQ
1924,230360,에코마케팅,KOSDAQ
1925,038870,에코바이오,KOSDAQ
1926,097780,에코볼트,KOSDAQ
1927,448280,에코아이,KOSDAQ
1928,101360,에코앤드림,KOSDAQ
1929,128540,에코캡,KOSDAQ
1930,086520,에코프로,KOSDAQ
1931,247540,에코프로비엠,KOSDAQ
1932,383310,에코프로에이치엔,KOSDAQ
1933,038110,에코플라스틱,KOSDAQ
1934,073540,에프알텍,KOSDAQ
1935,064850,에프앤가이드,KOSDAQ
1936,036810,에프에스티,KOSDAQ
1937,173940,에프엔씨엔터,KOSDAQ
1938,083500,에프엔에스테크,KOSDAQ
1939,054940,엑사이엔씨,KOSDAQ
1940,950130,엑세스바이오,KOSDAQ
1941,373110,엑셀세라퓨틱스,KOSDAQ
1942,205100,엑셈,KOSDAQ
1943,356680,엑스게이트,KOSDAQ
1944,070300,엑스큐어,KOSDAQ
1945,317770,엑스페릭스,KOSDAQ
1946,373200,엑스플러스,KOSDAQ
1947,069920,엑시온그룹,KOSDAQ
1948,092870,엑시콘,KOSDAQ
1949,317870,엔바이오니아,KOSDAQ
1950,067570,엔브이에이치코리아,KOSDAQ
1951,236810,엔비티,KOSDAQ
1952,333620,엔시스,KOSDAQ
1953,101400,엔시트론,KOSDAQ
1954,078860,엔에스이엔엠,KOSDAQ
1955,437780,엔에이치스팩24호,KOSDAQ
1956,438580,엔에이치스팩25호,KOSDAQ
1957,439410,엔에이치스팩26호,KOSDAQ
1958,440820,엔에이치스팩27호,KOSDAQ
1959,451700,엔에이치스팩29호,KOSDAQ
1960,466910,엔에이치스팩30호,KOSDAQ
1961,481890,엔에이치스팩31호,KOSDAQ
1962,265740,엔에프씨,KOSDAQ
1963,354200,엔젠바이오,KOSDAQ
1964,455900,엔젤로보틱스,KOSDAQ
1965,419080,엔젯,KOSDAQ
1966,208860,엔지스테크널러지,KOSDAQ
1967,183490,엔지켐생명과학,KOSDAQ
1968,182400,엔케이맥스,KOSDAQ
1969,348370,엔켐,KOSDAQ
1970,069410,엔텔스,KOSDAQ
1971,227950,엔투텍,KOSDAQ
1972,291230,엔피,KOSDAQ
1973,198080,엔피디,KOSDAQ
1974,048830,엔피케이,KOSDAQ
1975,096870,엘디티,KOSDAQ
1976,290650,엘앤씨바이오,KOSDAQ
1977,156100,엘앤케이바이오,KOSDAQ
1978,073110,엘엠에스,KOSDAQ
1979,083310,엘오티베큠,KOSDAQ
1980,037950,엘컴텍,KOSDAQ
1981,489500,엘케이켐,KOSDAQ
1982,170920,엘티씨,KOSDAQ
1983,058630,엠게임,KOSDAQ
1984,226590,엠디바이스,KOSDAQ
1985,058970,엠로,KOSDAQ
1986,169330,엠브레인,KOSDAQ
1987,373170,엠아이큐브솔루션,KOSDAQ
1988,179290,엠아이텍,KOSDAQ
1989,009780,엠에스씨,KOSDAQ
1990,123040,엠에스오토텍,KOSDAQ
1991,432980,엠에프씨,KOSDAQ
1992,323230,엠에프엠코리아,KOSDAQ
1993,413390,엠오티,KOSDAQ
1994,032790,엠젠솔루션,KOSDAQ
1995,033160,엠케이전자,KOSDAQ
1996,347890,엠투아이,KOSDAQ
1997,033310,엠투엔,KOSDAQ
1998,259630,엠플러스,KOSDAQ
1999,105550,엣지파운드리,KOSDAQ
2000,060850,영림원소프트랩,KOSDAQ
2001,143540,영우디에스피,KOSDAQ
2002,265560,영화테크,KOSDAQ
2003,036000,예림당,KOSDAQ
2004,250930,예선테크,KOSDAQ
2005,053280,예스24,KOSDAQ
2006,122640,예스티,KOSDAQ
2007,900300,오가닉티코스메틱,KOSDAQ
2008,045060,오공,KOSDAQ
2009,192410,오늘이엔엠,KOSDAQ
2010,080520,오디텍,KOSDAQ
2011,039830,오로라,KOSDAQ
2012,322310,오로스테크놀로지,KOSDAQ
2013,046120,오르비텍,KOSDAQ
2014,475830,오름테라퓨틱,KOSDAQ
2015,014940,오리엔탈정공,KOSDAQ
2016,065500,오리엔트정공,KOSDAQ
2017,010470,오리콤,KOSDAQ
2018,417860,오브젠,KOSDAQ
2019,352910,오비고,KOSDAQ
2020,053980,오상자이엘,KOSDAQ
2021,036220,오상헬스케어,KOSDAQ
2022,052420,오성첨단소재,KOSDAQ
2023,052300,오션인더블유,KOSDAQ
2024,039200,오스코텍,KOSDAQ
2025,226400,오스테오닉,KOSDAQ
2026,031510,오스템,KOSDAQ
2027,368970,오에스피,KOSDAQ
2028,138080,오이솔루션,KOSDAQ
2029,080580,오킨스전자,KOSDAQ
2030,067170,오텍,KOSDAQ
2031,353590,오토앤,KOSDAQ
2032,173130,오파스넷,KOSDAQ
2033,440320,오픈놀,KOSDAQ
2034,049480,오픈베이스,KOSDAQ
2035,394280,오픈엣지테크놀로지,KOSDAQ
2036,309930,오하임앤컴퍼니,KOSDAQ
2037,476060,온코닉테라퓨틱스,KOSDAQ
2038,382150,온코크로스,KOSDAQ
2039,244460,올리패스,KOSDAQ
2040,226950,올릭스,KOSDAQ
2041,057540,옴니시스템,KOSDAQ
2042,131030,옵투스제약,KOSDAQ
2043,082210,옵트론텍,KOSDAQ
2044,109080,옵티시스,KOSDAQ
2045,380540,옵티코어,KOSDAQ
2046,153710,옵티팜,KOSDAQ
2047,432430,와이랩,KOSDAQ
2048,338840,와이바이오로직스,KOSDAQ
2049,122990,와이솔,KOSDAQ
2050,232140,와이씨,KOSDAQ
2051,112290,와이씨켐,KOSDAQ
2052,065530,와이어블,KOSDAQ
2053,067900,와이엔텍,KOSDAQ
2054,007530,와이엠,KOSDAQ
2055,155650,와이엠씨,KOSDAQ
2056,273640,와이엠텍,KOSDAQ
2057,251370,와이엠티,KOSDAQ
2058,066430,와이오엠,KOSDAQ
2059,209640,와이제이링크,KOSDAQ
2060,096250,와이즈넛,KOSDAQ
2061,273060,와이즈버즈,KOSDAQ
2062,019210,와이지-원,KOSDAQ
2063,122870,와이지엔터테인먼트,KOSDAQ
2064,332570,와이팜,KOSDAQ
2065,079000,와토스코리아,KOSDAQ
2066,403490,우듬지팜,KOSDAQ
2067,032820,우리기술,KOSDAQ
2068,041190,우리기술투자,KOSDAQ
2069,115440,우리넷,KOSDAQ
2070,046970,우리로,KOSDAQ
2071,082850,우리바이오,KOSDAQ
2072,215360,우리산업,KOSDAQ
2073,072470,우리산업홀딩스,KOSDAQ
2074,073560,우리손에프앤지,KOSDAQ
2075,037400,우리엔터프라이즈,KOSDAQ
2076,153490,우리이앤엘,KOSDAQ
2077,101170,우림피티에스,KOSDAQ
2078,066590,우수AMS,KOSDAQ
2079,103840,우양,KOSDAQ
2080,101970,우양에이치씨,KOSDAQ
2081,046940,우원개발,KOSDAQ
2082,215380,우정바이오,KOSDAQ
2083,065680,우주일렉트로,KOSDAQ
2084,018620,우진비앤지,KOSDAQ
2085,457550,우진엔텍,KOSDAQ
2086,396470,워트,KOSDAQ
2087,307280,원바이오젠,KOSDAQ
2088,032940,원익,KOSDAQ
2089,240810,원익IPS,KOSDAQ
2090,074600,원익QnC,KOSDAQ
2091,104830,원익머트리얼즈,KOSDAQ
2092,014190,원익큐브,KOSDAQ
2093,217820,원익피앤이,KOSDAQ
2094,030530,원익홀딩스,KOSDAQ
2095,012620,원일특강,KOSDAQ
2096,382840,원준,KOSDAQ
2097,336570,원텍,KOSDAQ
2098,376980,원티드랩,KOSDAQ
2099,008370,원풍,KOSDAQ
2100,008290,원풍물산,KOSDAQ
2101,101160,월덱스,KOSDAQ
2102,336060,웨이버스,KOSDAQ
2103,095270,웨이브일렉트로,KOSDAQ
2104,289930,웨이비스,KOSDAQ
2105,065950,웰크론,KOSDAQ
2106,076080,웰크론한텍,KOSDAQ
2107,043590,웰킵스하이텍,KOSDAQ
2108,196700,웹스,KOSDAQ
2109,069080,웹젠,KOSDAQ
2110,053580,웹케시,KOSDAQ
2111,479960,위너스,KOSDAQ
2112,071460,위니아,KOSDAQ
2113,377460,위니아에이드,KOSDAQ
2114,044340,위닉스,KOSDAQ
2115,330350,위더스제약,KOSDAQ
2116,348350,위드텍,KOSDAQ
2117,112040,위메이드,KOSDAQ
2118,101730,위메이드맥스,KOSDAQ
2119,123420,위메이드플레이,KOSDAQ
2120,065370,위세아이텍,KOSDAQ
2121,038620,위즈코프,KOSDAQ
2122,299900,위지윅스튜디오,KOSDAQ
2123,036090,위지트,KOSDAQ
2124,459100,위츠,KOSDAQ
2125,136540,윈스테크넷,KOSDAQ
2126,097800,윈팩,KOSDAQ
2127,192390,윈하이텍,KOSDAQ
2128,335870,윙스풋,KOSDAQ
2129,900340,윙입푸드,KOSDAQ
2130,036200,유니셈,KOSDAQ
2131,018000,유니슨,KOSDAQ
2132,203450,유니온커뮤니티,KOSDAQ
2133,011320,유니크,KOSDAQ
2134,086390,유니테스트,KOSDAQ
2135,241690,유니테크노,KOSDAQ
2136,142210,유니트론텍,KOSDAQ
2137,389680,유디엠텍,KOSDAQ
2138,088340,유라클,KOSDAQ
2139,048430,유라테크,KOSDAQ
2140,206650,유바이오로직스,KOSDAQ
2141,089850,유비벨록스,KOSDAQ
2142,084440,유비온,KOSDAQ
2143,032620,유비케어,KOSDAQ
2144,264450,유비쿼스,KOSDAQ
2145,078070,유비쿼스홀딩스,KOSDAQ
2146,024800,유성티엔에스,KOSDAQ
2147,054930,유신,KOSDAQ
2148,069330,유아이디,KOSDAQ
2149,049520,유아이엘,KOSDAQ
2150,435380,유안타제10호스팩,KOSDAQ
2151,444920,유안타제11호스팩,KOSDAQ
2152,446150,유안타제12호스팩,KOSDAQ
2153,449020,유안타제13호스팩,KOSDAQ
2154,450940,유안타제14호스팩,KOSDAQ
2155,473050,유안타제15호스팩,KOSDAQ
2156,474490,유안타제16호스팩,KOSDAQ
2157,493790,유안타제17호스팩,KOSDAQ
2158,263770,유에스티,KOSDAQ
2159,388720,유일로보틱스,KOSDAQ
2160,340930,유일에너테크,KOSDAQ
2161,023410,유진기업,KOSDAQ
2162,056080,유진로봇,KOSDAQ
2163,468760,유진스팩10호,KOSDAQ
2164,488060,유진스팩11호,KOSDAQ
2165,442130,유진스팩9호,KOSDAQ
2166,084370,유진테크,KOSDAQ
2167,240600,유진테크놀로지,KOSDAQ
2168,221800,유투바이오,KOSDAQ
2169,179900,유티아이,KOSDAQ
2170,263050,유틸렉스,KOSDAQ
2171,191410,육일씨엔에쓰,KOSDAQ
2172,372170,윤성에프앤씨,KOSDAQ
2173,146060,율촌,KOSDAQ
2174,072770,율호,KOSDAQ
2175,039020,이건홀딩스,KOSDAQ
2176,067920,이글루,KOSDAQ
2177,044960,이글벳,KOSDAQ
2178,303530,이노뎁,KOSDAQ
2179,296640,이노룰스,KOSDAQ
2180,302430,이노메트리,KOSDAQ
2181,462350,이노스페이스,KOSDAQ
2182,274400,이노시뮬레이션,KOSDAQ
2183,073490,이노와이어리스,KOSDAQ
2184,215790,이노인스트루먼트,KOSDAQ
2185,344860,이노진,KOSDAQ
2186,088390,이녹스,KOSDAQ
2187,272290,이녹스첨단소재,KOSDAQ
2188,053350,이니텍,KOSDAQ
2189,452400,이닉스,KOSDAQ
2190,264850,이랜시스,KOSDAQ
2191,054210,이랜텍,KOSDAQ
2192,009730,이렘,KOSDAQ
2193,065440,이루온,KOSDAQ
2194,115610,이미지스,KOSDAQ
2195,478110,이베스트스팩6호,KOSDAQ
2196,131400,이브이첨단소재,KOSDAQ
2197,351330,이삭엔지니어링,KOSDAQ
2198,080010,이상네트웍스,KOSDAQ
2199,086890,이수앱지스,KOSDAQ
2200,047560,이스트소프트,KOSDAQ
2201,900110,이스트아시아홀딩스,KOSDAQ
2202,239340,이스트에이드,KOSDAQ
2203,067010,이씨에스,KOSDAQ
2204,418620,이에이트,KOSDAQ
2205,456070,이엔셀,KOSDAQ
2206,102710,이엔에프테크놀로지,KOSDAQ
2207,041520,이엘씨,KOSDAQ
2208,063760,이엘피,KOSDAQ
2209,123570,이엠넷,KOSDAQ
2210,083470,이엠앤아이,KOSDAQ
2211,095190,이엠코리아,KOSDAQ
2212,091120,이엠텍,KOSDAQ
2213,039030,이오테크닉스,KOSDAQ
2214,294090,이오플로우,KOSDAQ
2215,088290,이원컴포텍,KOSDAQ
2216,353810,이지바이오,KOSDAQ
2217,099750,이지케어텍,KOSDAQ
2218,377330,이지트로닉스,KOSDAQ
2219,035810,이지홀딩스,KOSDAQ
2220,092130,이크레더블,KOSDAQ
2221,096040,이트론,KOSDAQ
2222,134060,이퓨쳐,KOSDAQ
2223,001840,이화공영,KOSDAQ
2224,024810,이화전기,KOSDAQ
2225,041830,인바디,KOSDAQ
2226,352940,인바이오,KOSDAQ
2227,079950,인베니아,KOSDAQ
2228,389470,인벤티지랩,KOSDAQ
2229,277410,인산가,KOSDAQ
2230,060150,인선이엔티,KOSDAQ
2231,033230,인성정보,KOSDAQ
2232,450520,인스웨이브시스템즈,KOSDAQ
2233,465480,인스피언,KOSDAQ
2234,037330,인지디스플레,KOSDAQ
2235,100030,인지소프트,KOSDAQ
2236,211050,인카금융서비스,KOSDAQ
2237,083640,인콘,KOSDAQ
2238,064090,인크레더블버즈,KOSDAQ
2239,216050,인크로스,KOSDAQ
2240,049070,인탑스,KOSDAQ
2241,119610,인터로조,KOSDAQ
2242,017250,인터엠,KOSDAQ
2243,051370,인터플렉스,KOSDAQ
2244,064290,인텍플러스,KOSDAQ
2245,189300,인텔리안테크,KOSDAQ
2246,150840,인트로메딕,KOSDAQ
2247,048530,인트론바이오,KOSDAQ
2248,115310,인포바인,KOSDAQ
2249,039290,인포뱅크,KOSDAQ
2250,071200,인피니트헬스케어,KOSDAQ
2251,101930,인화정공,KOSDAQ
2252,333430,일승,KOSDAQ
2253,068330,일신바이오,KOSDAQ
2254,178780,일월지엠엘,KOSDAQ
2255,019540,일지테크,KOSDAQ
2256,094820,일진파워,KOSDAQ
2257,950140,잉글우드랩,KOSDAQ
2258,049550,잉크테크,KOSDAQ
2259,389020,자람테크놀로지,KOSDAQ
2260,254120,자비스,KOSDAQ
2261,043910,자연과환경,KOSDAQ
2262,234920,자이글,KOSDAQ
2263,289220,자이언트스텝,KOSDAQ
2264,174880,장원테크,KOSDAQ
2265,049630,재영솔루텍,KOSDAQ
2266,417840,저스템,KOSDAQ
2267,110020,전진바이오팜,KOSDAQ
2268,208140,정다운,KOSDAQ
2269,040420,정상제이엘에스,KOSDAQ
2270,045510,정원엔시스,KOSDAQ
2271,217190,제너셈,KOSDAQ
2272,095700,제넥신,KOSDAQ
2273,072520,제넨바이오,KOSDAQ
2274,122310,제노레이,KOSDAQ
2275,361390,제노코,KOSDAQ
2276,225220,제놀루션,KOSDAQ
2277,123330,제닉,KOSDAQ
2278,381620,제닉스,KOSDAQ
2279,159580,제로투세븐,KOSDAQ
2280,147830,제룡산업,KOSDAQ
2281,033100,제룡전기,KOSDAQ
2282,079370,제우스,KOSDAQ
2283,054950,제이브이엠,KOSDAQ
2284,023440,제이스코홀딩스,KOSDAQ
2285,090470,제이스텍,KOSDAQ
2286,137950,제이씨케미칼,KOSDAQ
2287,033320,제이씨현시스템,KOSDAQ
2288,417500,제이아이테크,KOSDAQ
2289,204270,제이앤티씨,KOSDAQ
2290,127120,제이에스링크,KOSDAQ
2291,026040,제이에스티나,KOSDAQ
2292,452160,제이엔비,KOSDAQ
2293,126880,제이엔케이글로벌,KOSDAQ
2294,322510,제이엘케이,KOSDAQ
2295,033050,제이엠아이,KOSDAQ
2296,094970,제이엠티,KOSDAQ
2297,418550,제이오,KOSDAQ
2298,420570,제이투케이바이오,KOSDAQ
2299,089790,제이티,KOSDAQ
2300,052670,제일바이오,KOSDAQ
2301,412540,제일엠앤에스,KOSDAQ
2302,199820,제일일렉트릭,KOSDAQ
2303,038010,제일테크노스,KOSDAQ
2304,276730,제주맥주,KOSDAQ
2305,080220,제주반도체,KOSDAQ
2306,216080,제테마,KOSDAQ
2307,229000,젠큐릭스,KOSDAQ
2308,082270,젬백스,KOSDAQ
2309,044060,조광ILI,KOSDAQ
2310,034940,조아제약,KOSDAQ
2311,067000,조이시티,KOSDAQ
2312,033340,좋은사람들,KOSDAQ
2313,036930,주성엔지니어링,KOSDAQ
2314,072020,중앙백신,KOSDAQ
2315,000440,중앙에너비스,KOSDAQ
2316,051980,중앙첨단소재,KOSDAQ
2317,228760,지노믹트리,KOSDAQ
2318,314130,지놈앤컴퍼니,KOSDAQ
2319,389030,지니너스,KOSDAQ
2320,263860,지니언스,KOSDAQ
2321,303030,지니틱스,KOSDAQ
2322,036180,지더블유바이텍,KOSDAQ
2323,208350,지란지교시큐리티,KOSDAQ
2324,144510,지씨셀,KOSDAQ
2325,358570,지아이이노베이션,KOSDAQ
2326,382480,지아이텍,KOSDAQ
2327,382800,지앤비에스 에코,KOSDAQ
2328,051160,지어소프트,KOSDAQ
2329,053050,지에스이,KOSDAQ
2330,119850,지엔씨에너지,KOSDAQ
2331,065060,지엔코,KOSDAQ
2332,204840,지엘팜텍,KOSDAQ
2333,311320,지오엘리먼트,KOSDAQ
2334,388050,지투파워,KOSDAQ
2335,018120,진로발효,KOSDAQ
2336,109820,진매트릭스,KOSDAQ
2337,086060,진바이오텍,KOSDAQ
2338,036890,진성티이씨,KOSDAQ
2339,363250,진시스템,KOSDAQ
2340,007370,진양제약,KOSDAQ
2341,285800,진영,KOSDAQ
2342,085660,차바이오텍,KOSDAQ
2343,261780,차백신연구소,KOSDAQ
2344,351870,차이커뮤니케이션,KOSDAQ
2345,094850,참좋은여행,KOSDAQ
2346,004650,창해에탄올,KOSDAQ
2347,278280,천보,KOSDAQ
2348,362320,청담글로벌,KOSDAQ
2349,066360,체리부로,KOSDAQ
2350,047820,초록뱀미디어,KOSDAQ
2351,094360,칩스앤미디어,KOSDAQ
2352,016920,카스,KOSDAQ
2353,284620,카이노스메드,KOSDAQ
2354,293490,카카오게임즈,KOSDAQ
2355,140430,카티스,KOSDAQ
2356,042000,카페24,KOSDAQ
2357,313760,캐리,KOSDAQ
2358,317530,캐리소프트,KOSDAQ
2359,071850,캐스텍코리아,KOSDAQ
2360,210120,캔버스엔,KOSDAQ
2361,050110,캠시스,KOSDAQ
2362,452300,캡스톤파트너스,KOSDAQ
2363,451760,컨텍,KOSDAQ
2364,900310,컬러레이,KOSDAQ
2365,078340,컴투스,KOSDAQ
2366,063080,컴투스홀딩스,KOSDAQ
2367,307930,컴퍼니케이,KOSDAQ
2368,079190,케스피온,KOSDAQ
2369,263700,케어랩스,KOSDAQ
2370,214370,케어젠,KOSDAQ
2371,221980,케이디켐,KOSDAQ
2372,038530,케이바이오,KOSDAQ
2373,192250,케이사인,KOSDAQ
2374,431190,케이쓰리아이,KOSDAQ
2375,115500,케이씨에스,KOSDAQ
2376,089150,케이씨티,KOSDAQ
2377,025880,케이씨피드,KOSDAQ
2378,093320,케이아이엔엑스,KOSDAQ
2379,093640,케이알엠,KOSDAQ
2380,073010,케이에스피,KOSDAQ
2381,105330,케이엔더블유,KOSDAQ
2382,053080,케이엔솔,KOSDAQ
2383,199430,케이엔알시스템,KOSDAQ
2384,432470,케이엔에스,KOSDAQ
2385,272110,케이엔제이,KOSDAQ
2386,039420,케이엘넷,KOSDAQ
2387,083550,케이엠,KOSDAQ
2388,032500,케이엠더블유,KOSDAQ
2389,225430,케이엠제약,KOSDAQ
2390,102370,케이옥션,KOSDAQ
2391,068100,케이웨더,KOSDAQ
2392,106080,케이이엠텍,KOSDAQ
2393,036030,케이티알파,KOSDAQ
2394,064820,케이프,KOSDAQ
2395,024880,케이피에프,KOSDAQ
2396,042040,케이피엠테크,KOSDAQ
2397,054410,케이피티유,KOSDAQ
2398,258610,케일럼,KOSDAQ
2399,274090,켄코아에어로스페이스,KOSDAQ
2400,089010,켐트로닉스,KOSDAQ
2401,220260,켐트로스,KOSDAQ
2402,052400,코나아이,KOSDAQ
2403,402030,코난테크놀로지,KOSDAQ
2404,391710,코닉오토메이션,KOSDAQ
2405,046070,코다코,KOSDAQ
2406,047770,코데즈컴바인,KOSDAQ
2407,080530,코디,KOSDAQ
2408,104540,코렌텍,KOSDAQ
2409,027050,코리아나,KOSDAQ
2410,190650,코리아에셋투자증권,KOSDAQ
2411,123410,코리아에프티,KOSDAQ
2412,036690,코맥스,KOSDAQ
2413,049430,코메론,KOSDAQ
2414,183300,코미코,KOSDAQ
2415,041960,코미팜,KOSDAQ
2416,089890,코세스,KOSDAQ
2417,360350,코셈,KOSDAQ
2418,082660,코스나인,KOSDAQ
2419,222040,코스맥스엔비티,KOSDAQ
2420,241710,코스메카코리아,KOSDAQ
2421,355150,코스텍시스,KOSDAQ
2422,166480,코아스템켐온,KOSDAQ
2423,045970,코아시아,KOSDAQ
2424,196450,코아시아씨엠,KOSDAQ
2425,384470,코어라인소프트,KOSDAQ
2426,029960,코엔텍,KOSDAQ
2427,102940,코오롱생명과학,KOSDAQ
2428,950160,코오롱티슈진,KOSDAQ
2429,033290,코웰패션,KOSDAQ
2430,056360,코위버,KOSDAQ
2431,282880,코윈테크,KOSDAQ
2432,121850,코이즈,KOSDAQ
2433,448710,코츠테크놀로지,KOSDAQ
2434,126730,코칩,KOSDAQ
2435,015710,코콤,KOSDAQ
2436,052330,코텍,KOSDAQ
2437,322780,코퍼스코리아,KOSDAQ
2438,200130,콜마비앤에이치,KOSDAQ
2439,294570,쿠콘,KOSDAQ
2440,317690,퀀타매트릭스,KOSDAQ
2441,227100,퀀텀온,KOSDAQ
2442,432720,퀄리타스반도체,KOSDAQ
2443,365270,큐라클,KOSDAQ
2444,348080,큐라티스,KOSDAQ
2445,060280,큐렉소,KOSDAQ
2446,372320,큐로셀,KOSDAQ
2447,051780,큐로홀딩스,KOSDAQ
2448,115180,큐리언트,KOSDAQ
2449,445680,큐리옥스바이오시스템즈,KOSDAQ
2450,182360,큐브엔터,KOSDAQ
2451,405100,큐알티,KOSDAQ
2452,066310,큐에스아이,KOSDAQ
2453,016600,큐캐피탈,KOSDAQ
2454,355390,크라우드웍스,KOSDAQ
2455,096240,크레버스,KOSDAQ
2456,040350,크레오에스지,KOSDAQ
2457,110790,크리스에프앤씨,KOSDAQ
2458,900250,크리스탈신소재,KOSDAQ
2459,045520,크린앤사이언스,KOSDAQ
2460,214150,클래시스,KOSDAQ
2461,466100,클로봇,KOSDAQ
2462,237880,클리오,KOSDAQ
2463,139670,키네마스터,KOSDAQ
2464,487720,키움제10호스팩,KOSDAQ
2465,489480,키움제11호스팩,KOSDAQ
2466,446840,키움제8호스팩,KOSDAQ
2467,054780,키이스트,KOSDAQ
2468,256940,킵스파마,KOSDAQ
2469,219130,타이거일렉,KOSDAQ
2470,336680,탑런토탈솔루션,KOSDAQ
2471,360070,탑머티리얼,KOSDAQ
2472,065130,탑엔지니어링,KOSDAQ
2473,134580,탑코미디어,KOSDAQ
2474,023160,태광,KOSDAQ
2475,323280,태성,KOSDAQ
2476,053620,태양,KOSDAQ
2477,044490,태웅,KOSDAQ
2478,124560,태웅로직스,KOSDAQ
2479,191420,테고사이언스,KOSDAQ
2480,073640,테라사이언스,KOSDAQ
2481,066700,테라젠이텍스,KOSDAQ
2482,095610,테스,KOSDAQ
2483,064520,테크엘,KOSDAQ
2484,089030,테크윙,KOSDAQ
2485,054450,텔레칩스,KOSDAQ
2486,200230,텔콘RF제약,KOSDAQ
2487,393210,토마토시스템,KOSDAQ
2488,475960,토모큐브,KOSDAQ
2489,215480,토박스코리아,KOSDAQ
2490,051360,토비스,KOSDAQ
2491,045340,토탈소프트,KOSDAQ
2492,108230,톱텍,KOSDAQ
2493,079970,투비소프트,KOSDAQ
2494,199800,툴젠,KOSDAQ
2495,417790,트루엔,KOSDAQ
2496,290090,트윔,KOSDAQ
2497,026150,특수건설,KOSDAQ
2498,464280,티디에스팜,KOSDAQ
2499,117730,티로보틱스,KOSDAQ
2500,033830,티비씨,KOSDAQ
2501,057680,티사이언티픽,KOSDAQ
2502,204610,티쓰리,KOSDAQ
2503,064760,티씨케이,KOSDAQ
2504,246710,티앤알바이오팹,KOSDAQ
2505,340570,티앤엘,KOSDAQ
2506,043220,티에스넥스젠,KOSDAQ
2507,277880,티에스아이,KOSDAQ
2508,131290,티에스이,KOSDAQ
2509,425420,티에프이,KOSDAQ
2510,484810,티엑스알로보틱스,KOSDAQ
2511,131100,티엔엔터테인먼트,KOSDAQ
2512,356860,티엘비,KOSDAQ
2513,321550,티움바이오,KOSDAQ
2514,425040,티이엠씨,KOSDAQ
2515,241790,티이엠씨씨엔에스,KOSDAQ
2516,104480,티케이케미칼,KOSDAQ
2517,081150,티플랙스,KOSDAQ
2518,130740,티피씨글로벌,KOSDAQ
2519,084730,팅크웨어,KOSDAQ
2520,440110,파두,KOSDAQ
2521,033540,파라텍,KOSDAQ
2522,388870,파로스아이바이오,KOSDAQ
2523,043200,파루,KOSDAQ
2524,214450,파마리서치,KOSDAQ
2525,208340,파멥신,KOSDAQ
2526,177830,파버나인,KOSDAQ
2527,037070,파세코,KOSDAQ
2528,150900,파수,KOSDAQ
2529,037030,파워넷,KOSDAQ
2530,047310,파워로직스,KOSDAQ
2531,368770,파이버프로,KOSDAQ
2532,170790,파이오링크,KOSDAQ
2533,049120,파인디앤씨,KOSDAQ
2534,038950,파인디지털,KOSDAQ
2535,387570,파인메딕스,KOSDAQ
2536,441270,파인엠텍,KOSDAQ
2537,106240,파인테크닉스,KOSDAQ
2538,131760,파인텍,KOSDAQ
2539,065690,파커스,KOSDAQ
2540,140860,파크시스템스,KOSDAQ
2541,091700,파트론,KOSDAQ
2542,032800,판타지오,KOSDAQ
2543,318010,팜스빌,KOSDAQ
2544,027710,팜스토리,KOSDAQ
2545,225590,패션플랫폼,KOSDAQ
2546,054300,팬스타엔터프라이즈,KOSDAQ
2547,068050,팬엔터테인먼트,KOSDAQ
2548,222110,팬젠,KOSDAQ
2549,271830,팸텍,KOSDAQ
2550,263750,펄어비스,KOSDAQ
2551,251970,펌텍코리아,KOSDAQ
2552,168360,펨트론,KOSDAQ
2553,087010,펩트론,KOSDAQ
2554,064800,포니링크,KOSDAQ
2555,119500,포메탈,KOSDAQ
2556,389140,포바이포,KOSDAQ
2557,105760,포스뱅크,KOSDAQ
2558,009520,포스코엠텍,KOSDAQ
2559,189690,포시에스,KOSDAQ
2560,318020,포인트모바일,KOSDAQ
2561,256630,포인트엔지니어링,KOSDAQ
2562,331380,포커스에이치엔에스,KOSDAQ
2563,472850,폰드그룹,KOSDAQ
2564,039980,폴라리스AI,KOSDAQ
2565,041910,폴라리스AI파마,KOSDAQ
2566,234100,폴라리스세원,KOSDAQ
2567,041020,폴라리스오피스,KOSDAQ
2568,114630,폴라리스우노,KOSDAQ
2569,290720,푸드나무,KOSDAQ
2570,005670,푸드웰,KOSDAQ
2571,094940,푸른기술,KOSDAQ
2572,057880,푸른소나무,KOSDAQ
2573,007330,푸른저축은행,KOSDAQ
2574,093380,풍강,KOSDAQ
2575,023900,풍국주정,KOSDAQ
2576,371950,풍원정밀,KOSDAQ
2577,370090,퓨런티어,KOSDAQ
2578,445180,퓨릿,KOSDAQ
2579,151910,퓨처코어,KOSDAQ
2580,220100,퓨쳐켐,KOSDAQ
2581,035200,프럼파스트,KOSDAQ
2582,334970,프레스티지바이오로직스,KOSDAQ
2583,321260,프로이천,KOSDAQ
2584,053610,프로텍,KOSDAQ
2585,303360,프로티아,KOSDAQ
2586,377220,프롬바이오,KOSDAQ
2587,335810,프리시젼바이오,KOSDAQ
2588,053160,프리엠스,KOSDAQ
2589,405000,플라즈맵,KOSDAQ
2590,041590,플래스크,KOSDAQ
2591,367000,플래티어,KOSDAQ
2592,075130,플랜티넷,KOSDAQ
2593,237820,플레이디,KOSDAQ
2594,023770,플레이위드,KOSDAQ
2595,019570,플루토스,KOSDAQ
2596,300080,플리토,KOSDAQ
2597,033790,피노,KOSDAQ
2598,032580,피델릭스,KOSDAQ
2599,051380,피씨디렉트,KOSDAQ
2600,241820,피씨엘,KOSDAQ
2601,452450,피아이이,KOSDAQ
2602,237750,피앤씨테크,KOSDAQ
2603,460940,피앤에스미캐닉스,KOSDAQ
2604,319660,피에스케이,KOSDAQ
2605,031980,피에스케이홀딩스,KOSDAQ
2606,002230,피에스텍,KOSDAQ
2607,043370,피에이치에이,KOSDAQ
2608,239890,피엔에이치테크,KOSDAQ
2609,347740,피엔케이피부임상연구센타,KOSDAQ
2610,137400,피엔티,KOSDAQ
2611,257370,피엔티엠에스,KOSDAQ
2612,147760,피엠티,KOSDAQ
2613,128660,피제이메탈,KOSDAQ
2614,006140,피제이전자,KOSDAQ
2615,376180,피코그램,KOSDAQ
2616,304840,피플바이오,KOSDAQ
2617,087600,픽셀플러스,KOSDAQ
2618,291810,핀텔,KOSDAQ
2619,378340,필에너지,KOSDAQ
2620,161580,필옵틱스,KOSDAQ
2621,347770,핌스,KOSDAQ
2622,163730,핑거,KOSDAQ
2623,417180,핑거스토리,KOSDAQ
2624,446750,하나26호스팩,KOSDAQ
2625,448370,하나27호스팩,KOSDAQ
2626,454750,하나28호스팩,KOSDAQ
2627,454640,하나29호스팩,KOSDAQ
2628,469880,하나30호스팩,KOSDAQ
2629,469900,하나31호스팩,KOSDAQ
2630,475240,하나32호스팩,KOSDAQ
2631,475250,하나33호스팩,KOSDAQ
2632,484130,하나34호스팩,KOSDAQ
2633,435620,하나금융25호스팩,KOSDAQ
2634,299030,하나기술,KOSDAQ
2635,067310,하나마이크론,KOSDAQ
2636,166090,하나머티리얼즈,KOSDAQ
2637,136480,하림,KOSDAQ
2638,003380,하림지주,KOSDAQ
2639,450330,하스,KOSDAQ
2640,101670,하이드로리튬,KOSDAQ
2641,365590,하이딥,KOSDAQ
2642,149980,하이로닉,KOSDAQ
2643,013030,하이록코리아,KOSDAQ
2644,126700,하이비젼시스템,KOSDAQ
2645,450050,하이제8호스팩,KOSDAQ
2646,160190,하이젠알앤엠,KOSDAQ
2647,221840,하이즈항공,KOSDAQ
2648,106190,하이텍팜,KOSDAQ
2649,065650,하이퍼코퍼레이션,KOSDAQ
2650,066130,하츠,KOSDAQ
2651,004590,한국가구,KOSDAQ
2652,039340,한국경제TV,KOSDAQ
2653,034950,한국기업평가,KOSDAQ
2654,222980,한국맥널티,KOSDAQ
2655,256840,한국비엔씨,KOSDAQ
2656,219750,한국비티비,KOSDAQ
2657,025550,한국선재,KOSDAQ
2658,017890,한국알콜,KOSDAQ
2659,080720,한국유니온제약,KOSDAQ
2660,063570,한국전자금융,KOSDAQ
2661,041460,한국전자인증,KOSDAQ
2662,101680,한국정밀기계,KOSDAQ
2663,039740,한국정보공학,KOSDAQ
2664,053300,한국정보인증,KOSDAQ
2665,025770,한국정보통신,KOSDAQ
2666,458610,한국제12호스팩,KOSDAQ
2667,464440,한국제13호스팩,KOSDAQ
2668,477530,한국제14호스팩,KOSDAQ
2669,479880,한국제15호스팩,KOSDAQ
2670,062970,한국첨단소재,KOSDAQ
2671,023760,한국캐피탈,KOSDAQ
2672,054040,한국컴퓨터,KOSDAQ
2673,021650,한국큐빅,KOSDAQ
2674,032300,한국파마,KOSDAQ
2675,037230,한국팩키지,KOSDAQ
2676,448900,한국피아이엠,KOSDAQ
2677,030520,한글과컴퓨터,KOSDAQ
2678,052600,한네트,KOSDAQ
2679,256150,한독크린텍,KOSDAQ
2680,092460,한라IMS,KOSDAQ
2681,452190,한빛레이저,KOSDAQ
2682,047080,한빛소프트,KOSDAQ
2683,452280,한선엔지니어링,KOSDAQ
2684,066980,한성크린텍,KOSDAQ
2685,114810,한솔아이원스,KOSDAQ
2686,070590,한솔인티큐브,KOSDAQ
2687,226440,한송네오텍,KOSDAQ
2688,042520,한스바이오메드,KOSDAQ
2689,430690,한싹,KOSDAQ
2690,078350,한양디지텍,KOSDAQ
2691,045100,한양이엔지,KOSDAQ
2692,320000,한울반도체,KOSDAQ
2693,091440,한울소재과학,KOSDAQ
2694,024740,한일단조,KOSDAQ
2695,005860,한일사료,KOSDAQ
2696,007770,한일화학,KOSDAQ
2697,198940,한주라이트메탈,KOSDAQ
2698,058450,한주에이알티,KOSDAQ
2699,107640,한중엔시에스,KOSDAQ
2700,079170,한창산업,KOSDAQ
2701,054920,한컴위드,KOSDAQ
2702,457370,한켐,KOSDAQ
2703,002680,한탑,KOSDAQ
2704,098070,한텍,KOSDAQ
2705,455310,한화플러스제4호스팩,KOSDAQ
2706,498390,한화플러스제5호스팩,KOSDAQ
2707,034810,해성산업,KOSDAQ
2708,03481K,해성산업1우,KOSDAQ
2709,059270,해성에어로보틱스,KOSDAQ
2710,076610,해성옵틱스,KOSDAQ
2711,220180,핸디소프트,KOSDAQ
2712,900270,헝셩그룹,KOSDAQ
2713,214180,헥토이노베이션,KOSDAQ
2714,234340,헥토파이낸셜,KOSDAQ
2715,084990,헬릭스미스,KOSDAQ
2716,187660,현대ADM,KOSDAQ
2717,170030,현대공업,KOSDAQ
2718,319400,현대무벡스,KOSDAQ
2719,048410,현대바이오,KOSDAQ
2720,052260,현대바이오랜드,KOSDAQ
2721,016790,현대사료,KOSDAQ
2722,041440,현대에버다임,KOSDAQ
2723,039010,현대에이치티,KOSDAQ
2724,090850,현대이지웰,KOSDAQ
2725,460930,현대힘스,KOSDAQ
2726,092300,현우산업,KOSDAQ
2727,138360,협진,KOSDAQ
2728,011080,형지I&C,KOSDAQ
2729,308100,형지글로벌,KOSDAQ
2730,060560,홈센타홀딩스,KOSDAQ
2731,064240,홈캐스트,KOSDAQ
2732,039610,화성밸브,KOSDAQ
2733,126640,화신정공,KOSDAQ
2734,127980,화인써키트,KOSDAQ
2735,061250,화일약품,KOSDAQ
2736,097870,효성오앤비,KOSDAQ
2737,290270,휴네시온,KOSDAQ
2738,353190,휴럼,KOSDAQ
2739,090710,휴림로봇,KOSDAQ
2740,078590,휴림에이텍,KOSDAQ
2741,205470,휴마시스,KOSDAQ
2742,115160,휴맥스,KOSDAQ
2743,028080,휴맥스홀딩스,KOSDAQ
2744,175140,휴먼테크놀로지,KOSDAQ
2745,200670,휴메딕스,KOSDAQ
2746,065510,휴비츠,KOSDAQ
2747,215090,휴센텍,KOSDAQ
2748,263920,휴엠앤씨,KOSDAQ
2749,243070,휴온스,KOSDAQ
2750,084110,휴온스글로벌,KOSDAQ
2751,145020,휴젤,KOSDAQ
2752,024060,흥구석유,KOSDAQ
2753,010240,흥국,KOSDAQ
2754,189980,흥국에프엔비,KOSDAQ
2755,037440,희림,KOSDAQ
2756,238490,힘스,KOSDAQ
